CVE, V3 Score, V3 Vector, V2 Score, V2 Vector
CVE-2019-7287,7.8 HIGH,CVSS:3.1/AV:L/AC:L/PR:N/UI:R/S:U/C:H/I:H/A:H,9.3 HIGH,(AV:N/AC:M/Au:N/C:C/I:C/A:C)
CVE-2019-7483,7.5 HIGH,CVSS:3.1/AV:N/AC:L/PR:N/UI:N/S:U/C:H/I:N/A:N,5.0 MEDIUM,(AV:N/AC:L/Au:N/C:P/I:N/A:N)
CVE-2018-8405,7.8 HIGH,CVSS:3.0/AV:L/AC:L/PR:L/UI:N/S:U/C:H/I:H/A:H,7.2 HIGH,(AV:L/AC:L/Au:N/C:C/I:C/A:C)
CVE-2020-5410,7.5 HIGH,CVSS:3.1/AV:N/AC:L/PR:N/UI:N/S:U/C:H/I:N/A:N,5.0 MEDIUM,(AV:N/AC:L/Au:N/C:P/I:N/A:N)
CVE-2020-0796,10.0 CRITICAL,CVSS:3.1/AV:N/AC:L/PR:N/UI:N/S:C/C:H/I:H/A:H,7.5 HIGH,(AV:N/AC:L/Au:N/C:P/I:P/A:P)
CVE-2021-27085,7.5 HIGH,CVSS:3.1/AV:N/AC:H/PR:N/UI:R/S:U/C:H/I:H/A:H,7.6 HIGH,(AV:N/AC:H/Au:N/C:C/I:C/A:C)
CVE-2021-37973,9.6 CRITICAL,CVSS:3.1/AV:N/AC:L/PR:N/UI:R/S:C/C:H/I:H/A:H,6.8 MEDIUM,(AV:N/AC:M/Au:N/C:P/I:P/A:P)
CVE-2021-21166,8.8 HIGH,CVSS:3.1/AV:N/AC:L/PR:N/UI:R/S:U/C:H/I:H/A:H,6.8 MEDIUM,(AV:N/AC:M/Au:N/C:P/I:P/A:P)
CVE-2020-1938,9.8 CRITICAL,CVSS:3.1/AV:N/AC:L/PR:N/UI:N/S:U/C:H/I:H/A:H,7.5 HIGH,(AV:N/AC:L/Au:N/C:P/I:P/A:P)
CVE-2015-0071,N/A,N/A,4.3 MEDIUM,(AV:N/AC:M/Au:N/C:P/I:N/A:N)
CVE-2014-4404,N/A,N/A,9.3 HIGH,(AV:N/AC:M/Au:N/C:C/I:C/A:C)
CVE-2019-0211,7.8 HIGH,CVSS:3.0/AV:L/AC:L/PR:L/UI:N/S:U/C:H/I:H/A:H,7.2 HIGH,(AV:L/AC:L/Au:N/C:C/I:C/A:C)
CVE-2016-7262,7.8 HIGH,CVSS:3.0/AV:L/AC:L/PR:N/UI:R/S:U/C:H/I:H/A:H,6.8 MEDIUM,(AV:N/AC:M/Au:N/C:P/I:P/A:P)
CVE-2020-10148,9.8 CRITICAL,CVSS:3.1/AV:N/AC:L/PR:N/UI:N/S:U/C:H/I:H/A:H,7.5 HIGH,(AV:N/AC:L/Au:N/C:P/I:P/A:P)
CVE-2020-8468,8.8 HIGH,CVSS:3.1/AV:N/AC:L/PR:L/UI:N/S:U/C:H/I:H/A:H,6.5 MEDIUM,(AV:N/AC:L/Au:S/C:P/I:P/A:P)
CVE-2021-31199,7.8 HIGH,CVSS:3.1/AV:L/AC:L/PR:L/UI:N/S:U/C:H/I:H/A:H,4.6 MEDIUM,(AV:L/AC:L/Au:N/C:P/I:P/A:P)
CVE-2021-28550,8.8 HIGH,CVSS:3.1/AV:N/AC:L/PR:N/UI:R/S:U/C:H/I:H/A:H,6.8 MEDIUM,(AV:N/AC:M/Au:N/C:P/I:P/A:P)
CVE-2016-4656,7.8 HIGH,CVSS:3.0/AV:L/AC:L/PR:N/UI:R/S:U/C:H/I:H/A:H,9.3 HIGH,(AV:N/AC:M/Au:N/C:C/I:C/A:C)
CVE-2021-1870,9.8 CRITICAL,CVSS:3.1/AV:N/AC:L/PR:N/UI:N/S:U/C:H/I:H/A:H,7.5 HIGH,(AV:N/AC:L/Au:N/C:P/I:P/A:P)
CVE-2014-8439,N/A,N/A,10.0 HIGH,(AV:N/AC:L/Au:N/C:C/I:C/A:C)
CVE-2017-6316,9.8 CRITICAL,CVSS:3.0/AV:N/AC:L/PR:N/UI:N/S:U/C:H/I:H/A:H,10.0 HIGH,(AV:N/AC:L/Au:N/C:C/I:C/A:C)
CVE-2020-4428,9.1 CRITICAL,CVSS:3.1/AV:N/AC:L/PR:H/UI:N/S:C/C:H/I:H/A:H,9.0 HIGH,(AV:N/AC:L/Au:S/C:C/I:C/A:C)
CVE-2015-3043,N/A,N/A,10.0 HIGH,(AV:N/AC:L/Au:N/C:C/I:C/A:C)
CVE-2010-1297,N/A,N/A,9.3 HIGH,(AV:N/AC:M/Au:N/C:C/I:C/A:C)
CVE-2010-2861,N/A,N/A,7.5 HIGH,(AV:N/AC:L/Au:N/C:P/I:P/A:P)
CVE-2019-11580,9.8 CRITICAL,CVSS:3.1/AV:N/AC:L/PR:N/UI:N/S:U/C:H/I:H/A:H,7.5 HIGH,(AV:N/AC:L/Au:N/C:P/I:P/A:P)
CVE-2020-0683,7.8 HIGH,CVSS:3.1/AV:L/AC:L/PR:L/UI:N/S:U/C:H/I:H/A:H,7.2 HIGH,(AV:L/AC:L/Au:N/C:C/I:C/A:C)
CVE-2019-1405,7.8 HIGH,CVSS:3.1/AV:L/AC:L/PR:L/UI:N/S:U/C:H/I:H/A:H,7.2 HIGH,(AV:L/AC:L/Au:N/C:C/I:C/A:C)
CVE-2018-8653,7.5 HIGH,CVSS:3.0/AV:N/AC:H/PR:N/UI:R/S:U/C:H/I:H/A:H,7.6 HIGH,(AV:N/AC:H/Au:N/C:C/I:C/A:C)
CVE-2017-6743,8.8 HIGH,CVSS:3.1/AV:N/AC:L/PR:L/UI:N/S:U/C:H/I:H/A:H,9.0 HIGH,(AV:N/AC:L/Au:S/C:C/I:C/A:C)
CVE-2021-22899,8.8 HIGH,CVSS:3.1/AV:N/AC:L/PR:L/UI:N/S:U/C:H/I:H/A:H,6.5 MEDIUM,(AV:N/AC:L/Au:S/C:P/I:P/A:P)
CVE-2021-21315,7.8 HIGH,CVSS:3.1/AV:L/AC:L/PR:L/UI:N/S:U/C:H/I:H/A:H,4.6 MEDIUM,(AV:L/AC:L/Au:N/C:P/I:P/A:P)
CVE-2014-4123,N/A,N/A,6.8 MEDIUM,(AV:N/AC:M/Au:N/C:P/I:P/A:P)
CVE-2016-8562,5.3 MEDIUM,CVSS:3.0/AV:N/AC:H/PR:L/UI:N/S:U/C:N/I:N/A:H,3.5 LOW,(AV:N/AC:M/Au:S/C:N/I:N/A:P)
CVE-2021-30663,8.8 HIGH,CVSS:3.1/AV:N/AC:L/PR:N/UI:R/S:U/C:H/I:H/A:H,6.8 MEDIUM,(AV:N/AC:M/Au:N/C:P/I:P/A:P)
CVE-2021-36260,9.8 CRITICAL,CVSS:3.1/AV:N/AC:L/PR:N/UI:N/S:U/C:H/I:H/A:H,9.3 HIGH,(AV:N/AC:M/Au:N/C:C/I:C/A:C)
CVE-2018-0172,8.6 HIGH,CVSS:3.1/AV:N/AC:L/PR:N/UI:N/S:C/C:N/I:N/A:H,7.8 HIGH,(AV:N/AC:L/Au:N/C:N/I:N/A:C)
CVE-2021-1782,7.0 HIGH,CVSS:3.1/AV:L/AC:H/PR:L/UI:N/S:U/C:H/I:H/A:H,6.9 MEDIUM,(AV:L/AC:M/Au:N/C:C/I:C/A:C)
CVE-2019-0193,7.2 HIGH,CVSS:3.0/AV:N/AC:L/PR:H/UI:N/S:U/C:H/I:H/A:H,9.0 HIGH,(AV:N/AC:L/Au:S/C:C/I:C/A:C)
CVE-2015-5123,N/A,N/A,10.0 HIGH,(AV:N/AC:L/Au:N/C:C/I:C/A:C)
CVE-2013-2423,N/A,N/A,4.3 MEDIUM,(AV:N/AC:M/Au:N/C:N/I:P/A:N)
CVE-2010-4398,N/A,N/A,7.2 HIGH,(AV:L/AC:L/Au:N/C:C/I:C/A:C)
CVE-2008-3431,N/A,N/A,7.2 HIGH,(AV:L/AC:L/Au:N/C:C/I:C/A:C)
CVE-2016-3088,9.8 CRITICAL,CVSS:3.0/AV:N/AC:L/PR:N/UI:N/S:U/C:H/I:H/A:H,7.5 HIGH,(AV:N/AC:L/Au:N/C:P/I:P/A:P)
CVE-2017-0210,4.3 MEDIUM,CVSS:3.0/AV:N/AC:L/PR:N/UI:R/S:U/C:N/I:L/A:N,4.3 MEDIUM,(AV:N/AC:M/Au:N/C:N/I:P/A:N)
CVE-2014-4077,N/A,N/A,9.3 HIGH,(AV:N/AC:M/Au:N/C:C/I:C/A:C)
CVE-2004-0210,N/A,N/A,7.2 HIGH,(AV:L/AC:L/Au:N/C:C/I:C/A:C)
CVE-2018-0802,7.8 HIGH,CVSS:3.0/AV:L/AC:L/PR:N/UI:R/S:U/C:H/I:H/A:H,9.3 HIGH,(AV:N/AC:M/Au:N/C:C/I:C/A:C)
CVE-2012-2539,N/A,N/A,9.3 HIGH,(AV:N/AC:M/Au:N/C:C/I:C/A:C)
CVE-2015-2051,N/A,N/A,10.0 HIGH,(AV:N/AC:L/Au:N/C:C/I:C/A:C)
CVE-2012-0518,N/A,N/A,4.3 MEDIUM,(AV:N/AC:M/Au:N/C:N/I:P/A:N)
CVE-2018-4878,9.8 CRITICAL,CVSS:3.1/AV:N/AC:L/PR:N/UI:N/S:U/C:H/I:H/A:H,7.5 HIGH,(AV:N/AC:L/Au:N/C:P/I:P/A:P)
CVE-2020-1027,7.8 HIGH,CVSS:3.1/AV:L/AC:L/PR:L/UI:N/S:U/C:H/I:H/A:H,7.2 HIGH,(AV:L/AC:L/Au:N/C:C/I:C/A:C)
CVE-2009-3960,N/A,N/A,4.3 MEDIUM,(AV:N/AC:M/Au:N/C:P/I:N/A:N)
CVE-2018-8589,7.8 HIGH,CVSS:3.0/AV:L/AC:L/PR:L/UI:N/S:U/C:H/I:H/A:H,7.2 HIGH,(AV:L/AC:L/Au:N/C:C/I:C/A:C)
CVE-2015-2425,N/A,N/A,9.3 HIGH,(AV:N/AC:M/Au:N/C:C/I:C/A:C)
CVE-2020-8644,9.8 CRITICAL,CVSS:3.1/AV:N/AC:L/PR:N/UI:N/S:U/C:H/I:H/A:H,7.5 HIGH,(AV:N/AC:L/Au:N/C:P/I:P/A:P)
CVE-2021-21193,8.8 HIGH,CVSS:3.1/AV:N/AC:L/PR:N/UI:R/S:U/C:H/I:H/A:H,6.8 MEDIUM,(AV:N/AC:M/Au:N/C:P/I:P/A:P)
CVE-2021-21975,7.5 HIGH,CVSS:3.1/AV:N/AC:L/PR:N/UI:N/S:U/C:H/I:N/A:N,5.0 MEDIUM,(AV:N/AC:L/Au:N/C:P/I:N/A:N)
CVE-2014-4148,N/A,N/A,9.3 HIGH,(AV:N/AC:M/Au:N/C:C/I:C/A:C)
CVE-2021-44077,9.8 CRITICAL,CVSS:3.1/AV:N/AC:L/PR:N/UI:N/S:U/C:H/I:H/A:H,7.5 HIGH,(AV:N/AC:L/Au:N/C:P/I:P/A:P)
CVE-2012-5076,N/A,N/A,10.0 HIGH,(AV:N/AC:L/Au:N/C:C/I:C/A:C)
CVE-2015-3035,N/A,N/A,7.8 HIGH,(AV:N/AC:L/Au:N/C:C/I:N/A:N)
CVE-2018-0147,9.8 CRITICAL,CVSS:3.1/AV:N/AC:L/PR:N/UI:N/S:U/C:H/I:H/A:H,10.0 HIGH,(AV:N/AC:L/Au:N/C:C/I:C/A:C)
CVE-2016-0099,7.8 HIGH,CVSS:3.0/AV:L/AC:L/PR:L/UI:N/S:U/C:H/I:H/A:H,7.2 HIGH,(AV:L/AC:L/Au:N/C:C/I:C/A:C)
CVE-2018-4990,8.8 HIGH,CVSS:3.0/AV:N/AC:L/PR:N/UI:R/S:U/C:H/I:H/A:H,6.8 MEDIUM,(AV:N/AC:M/Au:N/C:P/I:P/A:P)
CVE-2014-3153,N/A,N/A,7.2 HIGH,(AV:L/AC:L/Au:N/C:C/I:C/A:C)
CVE-2022-20701,7.8 HIGH,CVSS:3.1/AV:L/AC:L/PR:L/UI:N/S:U/C:H/I:H/A:H,7.2 HIGH,(AV:L/AC:L/Au:N/C:C/I:C/A:C)
CVE-2018-15982,9.8 CRITICAL,CVSS:3.0/AV:N/AC:L/PR:N/UI:N/S:U/C:H/I:H/A:H,10.0 HIGH,(AV:N/AC:L/Au:N/C:C/I:C/A:C)
CVE-2018-0180,5.9 MEDIUM,CVSS:3.0/AV:N/AC:H/PR:N/UI:N/S:U/C:N/I:N/A:H,7.1 HIGH,(AV:N/AC:M/Au:N/C:N/I:N/A:C)
CVE-2019-1215,7.8 HIGH,CVSS:3.1/AV:L/AC:L/PR:L/UI:N/S:U/C:H/I:H/A:H,7.2 HIGH,(AV:L/AC:L/Au:N/C:C/I:C/A:C)
CVE-2021-23874,7.8 HIGH,CVSS:3.1/AV:L/AC:L/PR:L/UI:N/S:U/C:H/I:H/A:H,4.6 MEDIUM,(AV:L/AC:L/Au:N/C:P/I:P/A:P)
CVE-2019-16057,9.8 CRITICAL,CVSS:3.1/AV:N/AC:L/PR:N/UI:N/S:U/C:H/I:H/A:H,10.0 HIGH,(AV:N/AC:L/Au:N/C:C/I:C/A:C)
CVE-2020-8196,4.3 MEDIUM,CVSS:3.1/AV:N/AC:L/PR:L/UI:N/S:U/C:L/I:N/A:N,4.0 MEDIUM,(AV:N/AC:L/Au:S/C:P/I:N/A:N)
CVE-2013-0422,N/A,N/A,10.0 HIGH,(AV:N/AC:L/Au:N/C:C/I:C/A:C)
CVE-2013-3660,N/A,N/A,6.9 MEDIUM,(AV:L/AC:M/Au:N/C:C/I:C/A:C)
CVE-2018-8453,7.8 HIGH,CVSS:3.0/AV:L/AC:L/PR:L/UI:N/S:U/C:H/I:H/A:H,7.2 HIGH,(AV:L/AC:L/Au:N/C:C/I:C/A:C)
CVE-2010-2572,N/A,N/A,9.3 HIGH,(AV:N/AC:M/Au:N/C:C/I:C/A:C)
CVE-2020-15505,9.8 CRITICAL,CVSS:3.1/AV:N/AC:L/PR:N/UI:N/S:U/C:H/I:H/A:H,7.5 HIGH,(AV:N/AC:L/Au:N/C:P/I:P/A:P)
CVE-2017-0261,7.8 HIGH,CVSS:3.0/AV:L/AC:L/PR:N/UI:R/S:U/C:H/I:H/A:H,9.3 HIGH,(AV:N/AC:M/Au:N/C:C/I:C/A:C)
CVE-2015-1130,N/A,N/A,7.2 HIGH,(AV:L/AC:L/Au:N/C:C/I:C/A:C)
CVE-2021-27103,9.8 CRITICAL,CVSS:3.1/AV:N/AC:L/PR:N/UI:N/S:U/C:H/I:H/A:H,7.5 HIGH,(AV:N/AC:L/Au:N/C:P/I:P/A:P)
CVE-2021-21224,8.8 HIGH,CVSS:3.1/AV:N/AC:L/PR:N/UI:R/S:U/C:H/I:H/A:H,6.8 MEDIUM,(AV:N/AC:M/Au:N/C:P/I:P/A:P)
CVE-2016-0034,8.8 HIGH,CVSS:3.0/AV:N/AC:L/PR:N/UI:R/S:U/C:H/I:H/A:H,9.3 HIGH,(AV:N/AC:M/Au:N/C:C/I:C/A:C)
CVE-2019-5786,6.5 MEDIUM,CVSS:3.0/AV:N/AC:L/PR:N/UI:R/S:U/C:N/I:N/A:H,4.3 MEDIUM,(AV:N/AC:M/Au:N/C:N/I:N/A:P)
CVE-2019-16256,9.8 CRITICAL,CVSS:3.1/AV:N/AC:L/PR:N/UI:N/S:U/C:H/I:H/A:H,7.5 HIGH,(AV:N/AC:L/Au:N/C:P/I:P/A:P)
CVE-2015-2424,N/A,N/A,9.3 HIGH,(AV:N/AC:M/Au:N/C:C/I:C/A:C)
CVE-2020-9907,7.8 HIGH,CVSS:3.1/AV:L/AC:L/PR:N/UI:R/S:U/C:H/I:H/A:H,9.3 HIGH,(AV:N/AC:M/Au:N/C:C/I:C/A:C)
CVE-2017-12235,7.5 HIGH,CVSS:3.0/AV:N/AC:L/PR:N/UI:N/S:U/C:N/I:N/A:H,7.8 HIGH,(AV:N/AC:L/Au:N/C:N/I:N/A:C)
CVE-2020-16846,9.8 CRITICAL,CVSS:3.1/AV:N/AC:L/PR:N/UI:N/S:U/C:H/I:H/A:H,7.5 HIGH,(AV:N/AC:L/Au:N/C:P/I:P/A:P)
CVE-2013-3896,N/A,N/A,4.3 MEDIUM,(AV:N/AC:M/Au:N/C:P/I:N/A:N)
CVE-2020-3118,8.8 HIGH,CVSS:3.1/AV:A/AC:L/PR:N/UI:N/S:U/C:H/I:H/A:H,8.3 HIGH,(AV:A/AC:L/Au:N/C:C/I:C/A:C)
CVE-2018-0173,8.6 HIGH,CVSS:3.0/AV:N/AC:L/PR:N/UI:N/S:C/C:N/I:N/A:H,7.8 HIGH,(AV:N/AC:L/Au:N/C:N/I:N/A:C)
CVE-2021-35394,9.8 CRITICAL,CVSS:3.1/AV:N/AC:L/PR:N/UI:N/S:U/C:H/I:H/A:H,10.0 HIGH,(AV:N/AC:L/Au:N/C:C/I:C/A:C)
CVE-2020-4430,4.3 MEDIUM,CVSS:3.1/AV:N/AC:L/PR:L/UI:N/S:U/C:L/I:N/A:N,4.0 MEDIUM,(AV:N/AC:L/Au:S/C:P/I:N/A:N)
CVE-2020-8657,9.8 CRITICAL,CVSS:3.1/AV:N/AC:L/PR:N/UI:N/S:U/C:H/I:H/A:H,5.0 MEDIUM,(AV:N/AC:L/Au:N/C:P/I:N/A:N)
CVE-2020-7247,9.8 CRITICAL,CVSS:3.1/AV:N/AC:L/PR:N/UI:N/S:U/C:H/I:H/A:H,10.0 HIGH,(AV:N/AC:L/Au:N/C:C/I:C/A:C)
CVE-2016-0167,7.8 HIGH,CVSS:3.0/AV:L/AC:L/PR:L/UI:N/S:U/C:H/I:H/A:H,7.2 HIGH,(AV:L/AC:L/Au:N/C:C/I:C/A:C)
CVE-2021-21148,8.8 HIGH,CVSS:3.1/AV:N/AC:L/PR:N/UI:R/S:U/C:H/I:H/A:H,6.8 MEDIUM,(AV:N/AC:M/Au:N/C:P/I:P/A:P)
CVE-2006-2492,N/A,N/A,7.6 HIGH,(AV:N/AC:H/Au:N/C:C/I:C/A:C)
CVE-2018-20062,9.8 CRITICAL,CVSS:3.0/AV:N/AC:L/PR:N/UI:N/S:U/C:H/I:H/A:H,7.5 HIGH,(AV:N/AC:L/Au:N/C:P/I:P/A:P)
CVE-2020-17530,9.8 CRITICAL,CVSS:3.1/AV:N/AC:L/PR:N/UI:N/S:U/C:H/I:H/A:H,7.5 HIGH,(AV:N/AC:L/Au:N/C:P/I:P/A:P)
CVE-2022-26143,9.8 CRITICAL,CVSS:3.1/AV:N/AC:L/PR:N/UI:N/S:U/C:H/I:H/A:H,9.0 HIGH,(AV:N/AC:L/Au:N/C:P/I:P/A:C)
CVE-2010-0738,N/A,N/A,5.0 MEDIUM,(AV:N/AC:L/Au:N/C:P/I:N/A:N)
CVE-2019-11510,10.0 CRITICAL,CVSS:3.1/AV:N/AC:L/PR:N/UI:N/S:C/C:H/I:H/A:H,7.5 HIGH,(AV:N/AC:L/Au:N/C:P/I:P/A:P)
CVE-2020-0878,7.5 HIGH,CVSS:3.1/AV:N/AC:H/PR:N/UI:R/S:U/C:H/I:H/A:H,5.1 MEDIUM,(AV:N/AC:H/Au:N/C:P/I:P/A:P)
CVE-2018-8414,8.8 HIGH,CVSS:3.0/AV:N/AC:L/PR:N/UI:R/S:U/C:H/I:H/A:H,9.3 HIGH,(AV:N/AC:M/Au:N/C:C/I:C/A:C)
CVE-2019-1652,7.2 HIGH,CVSS:3.1/AV:N/AC:L/PR:H/UI:N/S:U/C:H/I:H/A:H,9.0 HIGH,(AV:N/AC:L/Au:S/C:C/I:C/A:C)
CVE-2017-6862,9.8 CRITICAL,CVSS:3.0/AV:N/AC:L/PR:N/UI:N/S:U/C:H/I:H/A:H,7.5 HIGH,(AV:N/AC:L/Au:N/C:P/I:P/A:P)
CVE-2019-5825,6.5 MEDIUM,CVSS:3.1/AV:N/AC:L/PR:N/UI:R/S:U/C:N/I:N/A:H,4.3 MEDIUM,(AV:N/AC:M/Au:N/C:N/I:N/A:P)
CVE-2014-0322,N/A,N/A,9.3 HIGH,(AV:N/AC:M/Au:N/C:C/I:C/A:C)
CVE-2019-19356,7.5 HIGH,CVSS:3.1/AV:N/AC:H/PR:L/UI:N/S:U/C:H/I:H/A:H,8.5 HIGH,(AV:N/AC:M/Au:S/C:C/I:C/A:C)
CVE-2021-37976,6.5 MEDIUM,CVSS:3.1/AV:N/AC:L/PR:N/UI:R/S:U/C:H/I:N/A:N,4.3 MEDIUM,(AV:N/AC:M/Au:N/C:P/I:N/A:N)
CVE-2014-6332,N/A,N/A,9.3 HIGH,(AV:N/AC:M/Au:N/C:C/I:C/A:C)
CVE-2018-0158,8.6 HIGH,CVSS:3.0/AV:N/AC:L/PR:N/UI:N/S:C/C:N/I:N/A:H,7.8 HIGH,(AV:N/AC:L/Au:N/C:N/I:N/A:C)
CVE-2020-11652,6.5 MEDIUM,CVSS:3.1/AV:N/AC:L/PR:L/UI:N/S:U/C:H/I:N/A:N,4.0 MEDIUM,(AV:N/AC:L/Au:S/C:P/I:N/A:N)
CVE-2015-1427,N/A,N/A,7.5 HIGH,(AV:N/AC:L/Au:N/C:P/I:P/A:P)
CVE-2015-2545,N/A,N/A,9.3 HIGH,(AV:N/AC:M/Au:N/C:C/I:C/A:C)
CVE-2018-11138,9.8 CRITICAL,CVSS:3.0/AV:N/AC:L/PR:N/UI:N/S:U/C:H/I:H/A:H,10.0 HIGH,(AV:N/AC:L/Au:N/C:C/I:C/A:C)
CVE-2020-6819,8.1 HIGH,CVSS:3.1/AV:N/AC:H/PR:N/UI:N/S:U/C:H/I:H/A:H,6.8 MEDIUM,(AV:N/AC:M/Au:N/C:P/I:P/A:P)
CVE-2012-2034,N/A,N/A,9.3 HIGH,(AV:N/AC:M/Au:N/C:C/I:C/A:C)
CVE-2020-0688,8.8 HIGH,CVSS:3.1/AV:N/AC:L/PR:L/UI:N/S:U/C:H/I:H/A:H,9.0 HIGH,(AV:N/AC:L/Au:S/C:C/I:C/A:C)
CVE-2021-3156,7.8 HIGH,CVSS:3.1/AV:L/AC:L/PR:L/UI:N/S:U/C:H/I:H/A:H,7.2 HIGH,(AV:L/AC:L/Au:N/C:C/I:C/A:C)
CVE-2022-20699,9.8 CRITICAL,CVSS:3.1/AV:N/AC:L/PR:N/UI:N/S:U/C:H/I:H/A:H,10.0 HIGH,(AV:N/AC:L/Au:N/C:C/I:C/A:C)
CVE-2021-43890,7.1 HIGH,N/A,6.0 MEDIUM,(AV:N/AC:M/Au:S/C:P/I:P/A:P)
CVE-2022-21999,7.8 HIGH,N/A,4.6 MEDIUM,(AV:L/AC:L/Au:N/C:P/I:P/A:P)
CVE-2021-40870,9.8 CRITICAL,CVSS:3.1/AV:N/AC:L/PR:N/UI:N/S:U/C:H/I:H/A:H,7.5 HIGH,(AV:N/AC:L/Au:N/C:P/I:P/A:P)
CVE-2015-1187,9.8 CRITICAL,CVSS:3.0/AV:N/AC:L/PR:N/UI:N/S:U/C:H/I:H/A:H,10.0 HIGH,(AV:N/AC:L/Au:N/C:C/I:C/A:C)
CVE-2021-22941,9.8 CRITICAL,CVSS:3.1/AV:N/AC:L/PR:N/UI:N/S:U/C:H/I:H/A:H,10.0 HIGH,(AV:N/AC:L/Au:N/C:C/I:C/A:C)
CVE-2019-15752,7.8 HIGH,CVSS:3.0/AV:L/AC:L/PR:N/UI:R/S:U/C:H/I:H/A:H,9.3 HIGH,(AV:N/AC:M/Au:N/C:C/I:C/A:C)
CVE-2014-0780,N/A,N/A,7.5 HIGH,(AV:N/AC:L/Au:N/C:P/I:P/A:P)
CVE-2020-10987,9.8 CRITICAL,CVSS:3.1/AV:N/AC:L/PR:N/UI:N/S:U/C:H/I:H/A:H,10.0 HIGH,(AV:N/AC:L/Au:N/C:C/I:C/A:C)
CVE-2021-22204,7.8 HIGH,CVSS:3.1/AV:L/AC:L/PR:L/UI:N/S:U/C:H/I:H/A:H,6.8 MEDIUM,(AV:N/AC:M/Au:N/C:P/I:P/A:P)
CVE-2018-13379,9.8 CRITICAL,CVSS:3.1/AV:N/AC:L/PR:N/UI:N/S:U/C:H/I:H/A:H,5.0 MEDIUM,(AV:N/AC:L/Au:N/C:P/I:N/A:N)
CVE-2021-22205,10.0 CRITICAL,N/A,7.5 HIGH,(AV:N/AC:L/Au:N/C:P/I:P/A:P)
CVE-2012-0507,N/A,N/A,10.0 HIGH,(AV:N/AC:L/Au:N/C:C/I:C/A:C)
CVE-2017-11882,7.8 HIGH,CVSS:3.1/AV:L/AC:L/PR:N/UI:R/S:U/C:H/I:H/A:H,9.3 HIGH,(AV:N/AC:M/Au:N/C:C/I:C/A:C)
CVE-2014-2817,N/A,N/A,6.8 MEDIUM,(AV:N/AC:M/Au:N/C:P/I:P/A:P)
CVE-2021-38649,7.8 HIGH,CVSS:3.1/AV:L/AC:L/PR:L/UI:N/S:U/C:H/I:H/A:H,4.6 MEDIUM,(AV:L/AC:L/Au:N/C:P/I:P/A:P)
CVE-2016-11021,7.2 HIGH,CVSS:3.1/AV:N/AC:L/PR:H/UI:N/S:U/C:H/I:H/A:H,9.0 HIGH,(AV:N/AC:L/Au:S/C:C/I:C/A:C)
CVE-2019-0841,7.8 HIGH,CVSS:3.0/AV:L/AC:L/PR:L/UI:N/S:U/C:H/I:H/A:H,7.2 HIGH,(AV:L/AC:L/Au:N/C:C/I:C/A:C)
CVE-2017-1000486,9.8 CRITICAL,CVSS:3.0/AV:N/AC:L/PR:N/UI:N/S:U/C:H/I:H/A:H,7.5 HIGH,(AV:N/AC:L/Au:N/C:P/I:P/A:P)
CVE-2021-1647,7.8 HIGH,CVSS:3.1/AV:L/AC:L/PR:L/UI:N/S:U/C:H/I:H/A:H,7.2 HIGH,(AV:L/AC:L/Au:N/C:C/I:C/A:C)
CVE-2021-30761,8.8 HIGH,CVSS:3.1/AV:N/AC:L/PR:N/UI:R/S:U/C:H/I:H/A:H,6.8 MEDIUM,(AV:N/AC:M/Au:N/C:P/I:P/A:P)
CVE-2017-8291,7.8 HIGH,CVSS:3.0/AV:L/AC:L/PR:N/UI:R/S:U/C:H/I:H/A:H,6.8 MEDIUM,(AV:N/AC:M/Au:N/C:P/I:P/A:P)
CVE-2022-22954,9.8 CRITICAL,CVSS:3.1/AV:N/AC:L/PR:N/UI:N/S:U/C:H/I:H/A:H,10.0 HIGH,(AV:N/AC:L/Au:N/C:C/I:C/A:C)
CVE-2021-42278,8.8 HIGH,CVSS:3.1/AV:N/AC:L/PR:L/UI:N/S:U/C:H/I:H/A:H,6.5 MEDIUM,(AV:N/AC:L/Au:S/C:P/I:P/A:P)
CVE-2021-30665,8.8 HIGH,CVSS:3.1/AV:N/AC:L/PR:N/UI:R/S:U/C:H/I:H/A:H,6.8 MEDIUM,(AV:N/AC:M/Au:N/C:P/I:P/A:P)
CVE-2018-7600,9.8 CRITICAL,CVSS:3.0/AV:N/AC:L/PR:N/UI:N/S:U/C:H/I:H/A:H,7.5 HIGH,(AV:N/AC:L/Au:N/C:P/I:P/A:P)
CVE-2016-6277,8.8 HIGH,CVSS:3.0/AV:N/AC:L/PR:N/UI:R/S:U/C:H/I:H/A:H,9.3 HIGH,(AV:N/AC:M/Au:N/C:C/I:C/A:C)
CVE-2021-37975,8.8 HIGH,CVSS:3.1/AV:N/AC:L/PR:N/UI:R/S:U/C:H/I:H/A:H,6.8 MEDIUM,(AV:N/AC:M/Au:N/C:P/I:P/A:P)
CVE-2009-3953,N/A,N/A,10.0 HIGH,(AV:N/AC:L/Au:N/C:C/I:C/A:C)
CVE-2020-1350,10.0 CRITICAL,CVSS:3.1/AV:N/AC:L/PR:N/UI:N/S:C/C:H/I:H/A:H,10.0 HIGH,(AV:N/AC:L/Au:N/C:C/I:C/A:C)
CVE-2020-0968,7.5 HIGH,CVSS:3.1/AV:N/AC:H/PR:N/UI:R/S:U/C:H/I:H/A:H,7.6 HIGH,(AV:N/AC:H/Au:N/C:C/I:C/A:C)
CVE-2019-0863,7.8 HIGH,CVSS:3.0/AV:L/AC:L/PR:L/UI:N/S:U/C:H/I:H/A:H,7.2 HIGH,(AV:L/AC:L/Au:N/C:C/I:C/A:C)
CVE-2018-5002,9.8 CRITICAL,CVSS:3.0/AV:N/AC:L/PR:N/UI:N/S:U/C:H/I:H/A:H,10.0 HIGH,(AV:N/AC:L/Au:N/C:C/I:C/A:C)
CVE-2019-5591,6.5 MEDIUM,CVSS:3.1/AV:A/AC:L/PR:N/UI:N/S:U/C:H/I:N/A:N,3.3 LOW,(AV:A/AC:L/Au:N/C:P/I:N/A:N)
CVE-2018-20753,9.8 CRITICAL,CVSS:3.0/AV:N/AC:L/PR:N/UI:N/S:U/C:H/I:H/A:H,7.5 HIGH,(AV:N/AC:L/Au:N/C:P/I:P/A:P)
CVE-2019-12989,9.8 CRITICAL,CVSS:3.1/AV:N/AC:L/PR:N/UI:N/S:U/C:H/I:H/A:H,7.5 HIGH,(AV:N/AC:L/Au:N/C:P/I:P/A:P)
CVE-2022-23131,9.8 CRITICAL,CVSS:3.1/AV:N/AC:L/PR:N/UI:N/S:U/C:H/I:H/A:H,5.1 MEDIUM,(AV:N/AC:H/Au:N/C:P/I:P/A:P)
CVE-2014-4113,N/A,N/A,7.2 HIGH,(AV:L/AC:L/Au:N/C:C/I:C/A:C)
CVE-2020-5902,9.8 CRITICAL,CVSS:3.1/AV:N/AC:L/PR:N/UI:N/S:U/C:H/I:H/A:H,10.0 HIGH,(AV:N/AC:L/Au:N/C:C/I:C/A:C)
CVE-2020-8515,9.8 CRITICAL,CVSS:3.1/AV:N/AC:L/PR:N/UI:N/S:U/C:H/I:H/A:H,10.0 HIGH,(AV:N/AC:L/Au:N/C:C/I:C/A:C)
CVE-2021-26084,9.8 CRITICAL,CVSS:3.1/AV:N/AC:L/PR:N/UI:N/S:U/C:H/I:H/A:H,7.5 HIGH,(AV:N/AC:L/Au:N/C:P/I:P/A:P)
CVE-2019-15271,8.8 HIGH,CVSS:3.1/AV:N/AC:L/PR:L/UI:N/S:U/C:H/I:H/A:H,9.0 HIGH,(AV:N/AC:L/Au:S/C:C/I:C/A:C)
CVE-2020-1472,10.0 CRITICAL,CVSS:3.1/AV:N/AC:L/PR:N/UI:N/S:C/C:H/I:H/A:H,9.3 HIGH,(AV:N/AC:M/Au:N/C:C/I:C/A:C)
CVE-2020-3837,7.8 HIGH,CVSS:3.1/AV:L/AC:L/PR:N/UI:R/S:U/C:H/I:H/A:H,9.3 HIGH,(AV:N/AC:M/Au:N/C:C/I:C/A:C)
CVE-2012-1856,N/A,N/A,9.3 HIGH,(AV:N/AC:M/Au:N/C:C/I:C/A:C)
CVE-2021-30632,8.8 HIGH,CVSS:3.1/AV:N/AC:L/PR:N/UI:R/S:U/C:H/I:H/A:H,6.8 MEDIUM,(AV:N/AC:M/Au:N/C:P/I:P/A:P)
CVE-2015-2360,N/A,N/A,7.2 HIGH,(AV:L/AC:L/Au:N/C:C/I:C/A:C)
CVE-2015-2502,N/A,N/A,9.3 HIGH,(AV:N/AC:M/Au:N/C:C/I:C/A:C)
CVE-2009-2055,N/A,N/A,4.3 MEDIUM,(AV:N/AC:M/Au:N/C:N/I:N/A:P)
CVE-2019-8506,8.8 HIGH,CVSS:3.1/AV:N/AC:L/PR:N/UI:R/S:U/C:H/I:H/A:H,9.3 HIGH,(AV:N/AC:M/Au:N/C:C/I:C/A:C)
CVE-2020-17087,7.8 HIGH,CVSS:3.1/AV:L/AC:L/PR:L/UI:N/S:U/C:H/I:H/A:H,7.2 HIGH,(AV:L/AC:L/Au:N/C:C/I:C/A:C)
CVE-2020-7961,9.8 CRITICAL,CVSS:3.1/AV:N/AC:L/PR:N/UI:N/S:U/C:H/I:H/A:H,7.5 HIGH,(AV:N/AC:L/Au:N/C:P/I:P/A:P)
CVE-2018-0155,8.6 HIGH,CVSS:3.1/AV:N/AC:L/PR:N/UI:N/S:C/C:N/I:N/A:H,7.8 HIGH,(AV:N/AC:L/Au:N/C:N/I:N/A:C)
CVE-2021-27065,7.8 HIGH,CVSS:3.1/AV:L/AC:L/PR:N/UI:R/S:U/C:H/I:H/A:H,6.8 MEDIUM,(AV:N/AC:M/Au:N/C:P/I:P/A:P)
CVE-2015-0310,N/A,N/A,10.0 HIGH,(AV:N/AC:L/Au:N/C:C/I:C/A:C)
CVE-2021-35247,5.3 MEDIUM,CVSS:3.1/AV:N/AC:L/PR:N/UI:N/S:U/C:N/I:L/A:N,5.0 MEDIUM,(AV:N/AC:L/Au:N/C:N/I:P/A:N)
CVE-2020-8816,7.2 HIGH,CVSS:3.1/AV:N/AC:L/PR:H/UI:N/S:U/C:H/I:H/A:H,6.5 MEDIUM,(AV:N/AC:L/Au:S/C:P/I:P/A:P)
CVE-2020-8599,9.8 CRITICAL,CVSS:3.1/AV:N/AC:L/PR:N/UI:N/S:U/C:H/I:H/A:H,10.0 HIGH,(AV:N/AC:L/Au:N/C:C/I:C/A:C)
CVE-2021-30807,7.8 HIGH,CVSS:3.1/AV:L/AC:L/PR:N/UI:R/S:U/C:H/I:H/A:H,9.3 HIGH,(AV:N/AC:M/Au:N/C:C/I:C/A:C)
CVE-2019-0903,8.8 HIGH,CVSS:3.0/AV:N/AC:L/PR:N/UI:R/S:U/C:H/I:H/A:H,9.3 HIGH,(AV:N/AC:M/Au:N/C:C/I:C/A:C)
CVE-2021-42237,9.8 CRITICAL,CVSS:3.1/AV:N/AC:L/PR:N/UI:N/S:U/C:H/I:H/A:H,10.0 HIGH,(AV:N/AC:L/Au:N/C:C/I:C/A:C)
CVE-2020-11899,5.4 MEDIUM,CVSS:3.1/AV:A/AC:L/PR:N/UI:N/S:U/C:N/I:L/A:L,4.8 MEDIUM,(AV:A/AC:L/Au:N/C:N/I:P/A:P)
CVE-2021-20023,4.9 MEDIUM,CVSS:3.1/AV:N/AC:L/PR:H/UI:N/S:U/C:H/I:N/A:N,4.0 MEDIUM,(AV:N/AC:L/Au:S/C:P/I:N/A:N)
CVE-2020-17144,8.4 HIGH,CVSS:3.1/AV:N/AC:L/PR:H/UI:R/S:C/C:H/I:H/A:H,6.0 MEDIUM,(AV:N/AC:M/Au:S/C:P/I:P/A:P)
CVE-2020-27930,7.8 HIGH,CVSS:3.1/AV:L/AC:L/PR:N/UI:R/S:U/C:H/I:H/A:H,6.8 MEDIUM,(AV:N/AC:M/Au:N/C:P/I:P/A:P)
CVE-2021-30713,7.8 HIGH,CVSS:3.1/AV:L/AC:L/PR:L/UI:N/S:U/C:H/I:H/A:H,4.6 MEDIUM,(AV:L/AC:L/Au:N/C:P/I:P/A:P)
CVE-2021-36742,7.8 HIGH,CVSS:3.1/AV:L/AC:L/PR:L/UI:N/S:U/C:H/I:H/A:H,4.6 MEDIUM,(AV:L/AC:L/Au:N/C:P/I:P/A:P)
CVE-2019-12991,8.8 HIGH,CVSS:3.0/AV:N/AC:L/PR:L/UI:N/S:U/C:H/I:H/A:H,9.0 HIGH,(AV:N/AC:L/Au:S/C:C/I:C/A:C)
CVE-2019-1132,7.8 HIGH,CVSS:3.0/AV:L/AC:L/PR:L/UI:N/S:U/C:H/I:H/A:H,7.2 HIGH,(AV:L/AC:L/Au:N/C:C/I:C/A:C)
CVE-2013-5065,N/A,N/A,7.2 HIGH,(AV:L/AC:L/Au:N/C:C/I:C/A:C)
CVE-2019-16759,9.8 CRITICAL,CVSS:3.1/AV:N/AC:L/PR:N/UI:N/S:U/C:H/I:H/A:H,7.5 HIGH,(AV:N/AC:L/Au:N/C:P/I:P/A:P)
CVE-2020-1464,5.5 MEDIUM,CVSS:3.1/AV:L/AC:L/PR:L/UI:N/S:U/C:N/I:H/A:N,2.1 LOW,(AV:L/AC:L/Au:N/C:N/I:P/A:N)
CVE-2019-1064,7.8 HIGH,CVSS:3.0/AV:L/AC:L/PR:L/UI:N/S:U/C:H/I:H/A:H,7.2 HIGH,(AV:L/AC:L/Au:N/C:C/I:C/A:C)
CVE-2015-8651,8.8 HIGH,CVSS:3.0/AV:N/AC:L/PR:N/UI:R/S:U/C:H/I:H/A:H,9.3 HIGH,(AV:N/AC:M/Au:N/C:C/I:C/A:C)
CVE-2018-8373,7.5 HIGH,CVSS:3.0/AV:N/AC:H/PR:N/UI:R/S:U/C:H/I:H/A:H,7.6 HIGH,(AV:N/AC:H/Au:N/C:C/I:C/A:C)
CVE-2014-6352,N/A,N/A,9.3 HIGH,(AV:N/AC:M/Au:N/C:C/I:C/A:C)
CVE-2019-0676,6.5 MEDIUM,CVSS:3.0/AV:N/AC:L/PR:N/UI:R/S:U/C:H/I:N/A:N,4.3 MEDIUM,(AV:N/AC:M/Au:N/C:P/I:N/A:N)
CVE-2021-25298,8.8 HIGH,CVSS:3.1/AV:N/AC:L/PR:L/UI:N/S:U/C:H/I:H/A:H,9.0 HIGH,(AV:N/AC:L/Au:S/C:C/I:C/A:C)
CVE-2021-1871,9.8 CRITICAL,CVSS:3.1/AV:N/AC:L/PR:N/UI:N/S:U/C:H/I:H/A:H,7.5 HIGH,(AV:N/AC:L/Au:N/C:P/I:P/A:P)
CVE-2020-12271,9.8 CRITICAL,CVSS:3.1/AV:N/AC:L/PR:N/UI:N/S:U/C:H/I:H/A:H,7.5 HIGH,(AV:N/AC:L/Au:N/C:P/I:P/A:P)
CVE-2019-11043,9.8 CRITICAL,CVSS:3.1/AV:N/AC:L/PR:N/UI:N/S:U/C:H/I:H/A:H,7.5 HIGH,(AV:N/AC:L/Au:N/C:P/I:P/A:P)
CVE-2016-3715,5.5 MEDIUM,CVSS:3.0/AV:L/AC:L/PR:N/UI:R/S:U/C:N/I:H/A:N,5.8 MEDIUM,(AV:N/AC:M/Au:N/C:N/I:P/A:P)
CVE-2013-3906,N/A,N/A,9.3 HIGH,(AV:N/AC:M/Au:N/C:C/I:C/A:C)
CVE-2015-1642,N/A,N/A,9.3 HIGH,(AV:N/AC:M/Au:N/C:C/I:C/A:C)
CVE-2022-24682,6.1 MEDIUM,CVSS:3.1/AV:N/AC:L/PR:N/UI:R/S:C/C:L/I:L/A:N,4.3 MEDIUM,(AV:N/AC:M/Au:N/C:N/I:P/A:N)
CVE-2021-40449,7.8 HIGH,CVSS:3.1/AV:L/AC:L/PR:L/UI:N/S:U/C:H/I:H/A:H,4.6 MEDIUM,(AV:L/AC:L/Au:N/C:P/I:P/A:P)
CVE-2019-1214,7.8 HIGH,CVSS:3.1/AV:L/AC:L/PR:L/UI:N/S:U/C:H/I:H/A:H,7.2 HIGH,(AV:L/AC:L/Au:N/C:C/I:C/A:C)
CVE-2018-1273,9.8 CRITICAL,CVSS:3.0/AV:N/AC:L/PR:N/UI:N/S:U/C:H/I:H/A:H,7.5 HIGH,(AV:N/AC:L/Au:N/C:P/I:P/A:P)
CVE-2005-2773,N/A,N/A,7.5 HIGH,(AV:N/AC:L/Au:N/C:P/I:P/A:P)
CVE-2021-30554,8.8 HIGH,CVSS:3.1/AV:N/AC:L/PR:N/UI:R/S:U/C:H/I:H/A:H,6.8 MEDIUM,(AV:N/AC:M/Au:N/C:P/I:P/A:P)
CVE-2022-22960,7.8 HIGH,CVSS:3.1/AV:L/AC:L/PR:L/UI:N/S:U/C:H/I:H/A:H,7.2 HIGH,(AV:L/AC:L/Au:N/C:C/I:C/A:C)
CVE-2018-6961,8.1 HIGH,CVSS:3.0/AV:N/AC:H/PR:N/UI:N/S:U/C:H/I:H/A:H,6.8 MEDIUM,(AV:N/AC:M/Au:N/C:P/I:P/A:P)
CVE-2019-16928,9.8 CRITICAL,CVSS:3.1/AV:N/AC:L/PR:N/UI:N/S:U/C:H/I:H/A:H,7.5 HIGH,(AV:N/AC:L/Au:N/C:P/I:P/A:P)
CVE-2022-26318,9.8 CRITICAL,CVSS:3.1/AV:N/AC:L/PR:N/UI:N/S:U/C:H/I:H/A:H,7.5 HIGH,(AV:N/AC:L/Au:N/C:P/I:P/A:P)
CVE-2019-1253,7.8 HIGH,CVSS:3.1/AV:L/AC:L/PR:L/UI:N/S:U/C:H/I:H/A:H,7.2 HIGH,(AV:L/AC:L/Au:N/C:C/I:C/A:C)
CVE-2017-9841,9.8 CRITICAL,CVSS:3.1/AV:N/AC:L/PR:N/UI:N/S:U/C:H/I:H/A:H,7.5 HIGH,(AV:N/AC:L/Au:N/C:P/I:P/A:P)
CVE-2020-0646,9.8 CRITICAL,CVSS:3.1/AV:N/AC:L/PR:N/UI:N/S:U/C:H/I:H/A:H,10.0 HIGH,(AV:N/AC:L/Au:N/C:C/I:C/A:C)
CVE-2020-13927,9.8 CRITICAL,CVSS:3.1/AV:N/AC:L/PR:N/UI:N/S:U/C:H/I:H/A:H,7.5 HIGH,(AV:N/AC:L/Au:N/C:P/I:P/A:P)
CVE-2019-0859,7.8 HIGH,CVSS:3.0/AV:L/AC:L/PR:L/UI:N/S:U/C:H/I:H/A:H,7.2 HIGH,(AV:L/AC:L/Au:N/C:C/I:C/A:C)
CVE-2020-3580,6.1 MEDIUM,CVSS:3.1/AV:N/AC:L/PR:N/UI:R/S:C/C:L/I:L/A:N,2.6 LOW,(AV:N/AC:H/Au:N/C:N/I:P/A:N)
CVE-2017-0022,4.3 MEDIUM,CVSS:3.0/AV:N/AC:L/PR:N/UI:R/S:U/C:L/I:N/A:N,4.3 MEDIUM,(AV:N/AC:M/Au:N/C:P/I:N/A:N)
CVE-2021-35464,9.8 CRITICAL,CVSS:3.1/AV:N/AC:L/PR:N/UI:N/S:U/C:H/I:H/A:H,10.0 HIGH,(AV:N/AC:L/Au:N/C:C/I:C/A:C)
CVE-2021-1905,7.8 HIGH,CVSS:3.1/AV:L/AC:L/PR:L/UI:N/S:U/C:H/I:H/A:H,7.2 HIGH,(AV:L/AC:L/Au:N/C:C/I:C/A:C)
CVE-2021-27059,6.8 MEDIUM,CVSS:3.1/AV:N/AC:L/PR:H/UI:R/S:U/C:H/I:H/A:H,8.5 HIGH,(AV:N/AC:M/Au:S/C:C/I:C/A:C)
CVE-2010-5326,10.0 CRITICAL,CVSS:3.1/AV:N/AC:L/PR:N/UI:N/S:C/C:H/I:H/A:H,10.0 HIGH,(AV:N/AC:L/Au:N/C:C/I:C/A:C)
CVE-2018-6789,9.8 CRITICAL,CVSS:3.0/AV:N/AC:L/PR:N/UI:N/S:U/C:H/I:H/A:H,7.5 HIGH,(AV:N/AC:L/Au:N/C:P/I:P/A:P)
CVE-2021-27860,8.8 HIGH,CVSS:3.1/AV:N/AC:L/PR:N/UI:R/S:U/C:H/I:H/A:H,9.3 HIGH,(AV:N/AC:M/Au:N/C:C/I:C/A:C)
CVE-2021-36934,7.8 HIGH,CVSS:3.1/AV:L/AC:L/PR:L/UI:N/S:U/C:H/I:H/A:H,4.6 MEDIUM,(AV:L/AC:L/Au:N/C:P/I:P/A:P)
CVE-2020-17463,9.8 CRITICAL,CVSS:3.1/AV:N/AC:L/PR:N/UI:N/S:U/C:H/I:H/A:H,7.5 HIGH,(AV:N/AC:L/Au:N/C:P/I:P/A:P)
CVE-2013-1331,N/A,N/A,9.3 HIGH,(AV:N/AC:M/Au:N/C:C/I:C/A:C)
CVE-2019-13608,7.5 HIGH,CVSS:3.0/AV:N/AC:L/PR:N/UI:N/S:U/C:H/I:N/A:N,5.0 MEDIUM,(AV:N/AC:L/Au:N/C:P/I:N/A:N)
CVE-2018-0161,6.3 MEDIUM,CVSS:3.0/AV:N/AC:H/PR:L/UI:N/S:C/C:N/I:N/A:H,6.3 MEDIUM,(AV:N/AC:M/Au:S/C:N/I:N/A:C)
CVE-2021-22600,7.8 HIGH,CVSS:3.1/AV:L/AC:L/PR:L/UI:N/S:U/C:H/I:H/A:H,7.2 HIGH,(AV:L/AC:L/Au:N/C:C/I:C/A:C)
CVE-2020-0787,7.8 HIGH,CVSS:3.1/AV:L/AC:L/PR:L/UI:N/S:U/C:H/I:H/A:H,7.2 HIGH,(AV:L/AC:L/Au:N/C:C/I:C/A:C)
CVE-2021-26855,9.8 CRITICAL,CVSS:3.1/AV:N/AC:L/PR:N/UI:N/S:U/C:H/I:H/A:H,7.5 HIGH,(AV:N/AC:L/Au:N/C:P/I:P/A:P)
CVE-2021-26858,7.8 HIGH,CVSS:3.1/AV:L/AC:L/PR:N/UI:R/S:U/C:H/I:H/A:H,6.8 MEDIUM,(AV:N/AC:M/Au:N/C:P/I:P/A:P)
CVE-2019-11634,9.8 CRITICAL,CVSS:3.0/AV:N/AC:L/PR:N/UI:N/S:U/C:H/I:H/A:H,7.5 HIGH,(AV:N/AC:L/Au:N/C:P/I:P/A:P)
CVE-2021-34473,9.8 CRITICAL,CVSS:3.1/AV:N/AC:L/PR:N/UI:N/S:U/C:H/I:H/A:H,10.0 HIGH,(AV:N/AC:L/Au:N/C:C/I:C/A:C)
CVE-2012-1723,N/A,N/A,10.0 HIGH,(AV:N/AC:L/Au:N/C:C/I:C/A:C)
CVE-2017-12231,7.5 HIGH,CVSS:3.0/AV:N/AC:L/PR:N/UI:N/S:U/C:N/I:N/A:H,7.8 HIGH,(AV:N/AC:L/Au:N/C:N/I:N/A:C)
CVE-2012-4969,N/A,N/A,9.3 HIGH,(AV:N/AC:M/Au:N/C:C/I:C/A:C)
CVE-2019-10068,9.8 CRITICAL,CVSS:3.0/AV:N/AC:L/PR:N/UI:N/S:U/C:H/I:H/A:H,7.5 HIGH,(AV:N/AC:L/Au:N/C:P/I:P/A:P)
CVE-2019-9082,8.8 HIGH,CVSS:3.1/AV:N/AC:L/PR:N/UI:R/S:U/C:H/I:H/A:H,9.3 HIGH,(AV:N/AC:M/Au:N/C:C/I:C/A:C)
CVE-2021-42258,9.8 CRITICAL,CVSS:3.1/AV:N/AC:L/PR:N/UI:N/S:U/C:H/I:H/A:H,6.8 MEDIUM,(AV:N/AC:M/Au:N/C:P/I:P/A:P)
CVE-2019-19781,9.8 CRITICAL,CVSS:3.1/AV:N/AC:L/PR:N/UI:N/S:U/C:H/I:H/A:H,7.5 HIGH,(AV:N/AC:L/Au:N/C:P/I:P/A:P)
CVE-2021-31979,7.8 HIGH,CVSS:3.1/AV:L/AC:L/PR:L/UI:N/S:U/C:H/I:H/A:H,7.2 HIGH,(AV:L/AC:L/Au:N/C:C/I:C/A:C)
CVE-2022-0543,10.0 CRITICAL,CVSS:3.1/AV:N/AC:L/PR:N/UI:N/S:C/C:H/I:H/A:H,10.0 HIGH,(AV:N/AC:L/Au:N/C:C/I:C/A:C)
CVE-2009-1123,N/A,N/A,7.2 HIGH,(AV:L/AC:L/Au:N/C:C/I:C/A:C)
CVE-2016-1555,9.8 CRITICAL,CVSS:3.0/AV:N/AC:L/PR:N/UI:N/S:U/C:H/I:H/A:H,10.0 HIGH,(AV:N/AC:L/Au:N/C:C/I:C/A:C)
CVE-2020-6418,8.8 HIGH,CVSS:3.1/AV:N/AC:L/PR:N/UI:R/S:U/C:H/I:H/A:H,6.8 MEDIUM,(AV:N/AC:M/Au:N/C:P/I:P/A:P)
CVE-2021-36948,7.8 HIGH,CVSS:3.1/AV:L/AC:L/PR:L/UI:N/S:U/C:H/I:H/A:H,4.6 MEDIUM,(AV:L/AC:L/Au:N/C:P/I:P/A:P)
CVE-2019-4716,9.8 CRITICAL,CVSS:3.1/AV:N/AC:L/PR:N/UI:N/S:U/C:H/I:H/A:H,10.0 HIGH,(AV:N/AC:L/Au:N/C:C/I:C/A:C)
CVE-2021-20021,9.8 CRITICAL,CVSS:3.1/AV:N/AC:L/PR:N/UI:N/S:U/C:H/I:H/A:H,7.5 HIGH,(AV:N/AC:L/Au:N/C:P/I:P/A:P)
CVE-2016-3718,6.3 MEDIUM,CVSS:3.0/AV:L/AC:L/PR:N/UI:R/S:C/C:N/I:H/A:N,4.3 MEDIUM,(AV:N/AC:M/Au:N/C:N/I:P/A:N)
CVE-2021-21551,7.8 HIGH,CVSS:3.1/AV:L/AC:L/PR:L/UI:N/S:U/C:H/I:H/A:H,4.6 MEDIUM,(AV:L/AC:L/Au:N/C:P/I:P/A:P)
CVE-2021-28310,7.8 HIGH,CVSS:3.1/AV:L/AC:L/PR:L/UI:N/S:U/C:H/I:H/A:H,4.6 MEDIUM,(AV:L/AC:L/Au:N/C:P/I:P/A:P)
CVE-2016-4523,7.5 HIGH,CVSS:3.0/AV:N/AC:L/PR:N/UI:N/S:U/C:N/I:N/A:H,5.0 MEDIUM,(AV:N/AC:L/Au:N/C:N/I:N/A:P)
CVE-2010-0232,N/A,N/A,7.2 HIGH,(AV:L/AC:L/Au:N/C:C/I:C/A:C)
CVE-2020-17496,9.8 CRITICAL,CVSS:3.1/AV:N/AC:L/PR:N/UI:N/S:U/C:H/I:H/A:H,7.5 HIGH,(AV:N/AC:L/Au:N/C:P/I:P/A:P)
CVE-2021-41773,7.5 HIGH,CVSS:3.1/AV:N/AC:L/PR:N/UI:N/S:U/C:H/I:N/A:N,4.3 MEDIUM,(AV:N/AC:M/Au:N/C:P/I:N/A:N)
CVE-2019-5544,9.8 CRITICAL,CVSS:3.1/AV:N/AC:L/PR:N/UI:N/S:U/C:H/I:H/A:H,7.5 HIGH,(AV:N/AC:L/Au:N/C:P/I:P/A:P)
CVE-2019-1579,8.1 HIGH,CVSS:3.0/AV:N/AC:H/PR:N/UI:N/S:U/C:H/I:H/A:H,6.8 MEDIUM,(AV:N/AC:M/Au:N/C:P/I:P/A:P)
CVE-2021-21206,8.8 HIGH,CVSS:3.1/AV:N/AC:L/PR:N/UI:R/S:U/C:H/I:H/A:H,6.8 MEDIUM,(AV:N/AC:M/Au:N/C:P/I:P/A:P)
CVE-2015-7645,N/A,N/A,9.3 HIGH,(AV:N/AC:M/Au:N/C:C/I:C/A:C)
CVE-2017-0001,7.8 HIGH,CVSS:3.0/AV:L/AC:L/PR:L/UI:N/S:U/C:H/I:H/A:H,7.2 HIGH,(AV:L/AC:L/Au:N/C:C/I:C/A:C)
CVE-2021-38003,8.8 HIGH,CVSS:3.1/AV:N/AC:L/PR:N/UI:R/S:U/C:H/I:H/A:H,6.8 MEDIUM,(AV:N/AC:M/Au:N/C:P/I:P/A:P)
CVE-2018-17463,8.8 HIGH,CVSS:3.0/AV:N/AC:L/PR:N/UI:R/S:U/C:H/I:H/A:H,6.8 MEDIUM,(AV:N/AC:M/Au:N/C:P/I:P/A:P)
CVE-2021-20022,7.2 HIGH,CVSS:3.1/AV:N/AC:L/PR:H/UI:N/S:U/C:H/I:H/A:H,6.5 MEDIUM,(AV:N/AC:L/Au:S/C:P/I:P/A:P)
CVE-2022-23176,8.8 HIGH,CVSS:3.1/AV:N/AC:L/PR:L/UI:N/S:U/C:H/I:H/A:H,9.0 HIGH,(AV:N/AC:L/Au:S/C:C/I:C/A:C)
CVE-2017-0263,7.8 HIGH,CVSS:3.0/AV:L/AC:L/PR:L/UI:N/S:U/C:H/I:H/A:H,7.2 HIGH,(AV:L/AC:L/Au:N/C:C/I:C/A:C)
CVE-2021-34523,9.8 CRITICAL,CVSS:3.1/AV:N/AC:L/PR:N/UI:N/S:U/C:H/I:H/A:H,7.5 HIGH,(AV:N/AC:L/Au:N/C:P/I:P/A:P)
CVE-2018-10562,9.8 CRITICAL,CVSS:3.0/AV:N/AC:L/PR:N/UI:N/S:U/C:H/I:H/A:H,7.5 HIGH,(AV:N/AC:L/Au:N/C:P/I:P/A:P)
CVE-2017-12615,8.1 HIGH,CVSS:3.0/AV:N/AC:H/PR:N/UI:N/S:U/C:H/I:H/A:H,6.8 MEDIUM,(AV:N/AC:M/Au:N/C:P/I:P/A:P)
CVE-2017-12617,8.1 HIGH,CVSS:3.0/AV:N/AC:H/PR:N/UI:N/S:U/C:H/I:H/A:H,6.8 MEDIUM,(AV:N/AC:M/Au:N/C:P/I:P/A:P)
CVE-2017-9791,9.8 CRITICAL,CVSS:3.1/AV:N/AC:L/PR:N/UI:N/S:U/C:H/I:H/A:H,7.5 HIGH,(AV:N/AC:L/Au:N/C:P/I:P/A:P)
CVE-2020-16009,8.8 HIGH,CVSS:3.1/AV:N/AC:L/PR:N/UI:R/S:U/C:H/I:H/A:H,6.8 MEDIUM,(AV:N/AC:M/Au:N/C:P/I:P/A:P)
CVE-2019-1653,7.5 HIGH,CVSS:3.1/AV:N/AC:L/PR:N/UI:N/S:U/C:H/I:N/A:N,5.0 MEDIUM,(AV:N/AC:L/Au:N/C:P/I:N/A:N)
CVE-2017-12233,7.5 HIGH,CVSS:3.0/AV:N/AC:L/PR:N/UI:N/S:U/C:N/I:N/A:H,7.8 HIGH,(AV:N/AC:L/Au:N/C:N/I:N/A:C)
CVE-2016-0189,7.5 HIGH,CVSS:3.0/AV:N/AC:H/PR:N/UI:R/S:U/C:H/I:H/A:H,7.6 HIGH,(AV:N/AC:H/Au:N/C:C/I:C/A:C)
CVE-2013-0640,N/A,N/A,9.3 HIGH,(AV:N/AC:M/Au:N/C:C/I:C/A:C)
CVE-2021-22900,7.2 HIGH,CVSS:3.1/AV:N/AC:L/PR:H/UI:N/S:U/C:H/I:H/A:H,6.5 MEDIUM,(AV:N/AC:L/Au:S/C:P/I:P/A:P)
CVE-2017-8464,8.8 HIGH,CVSS:3.0/AV:N/AC:L/PR:N/UI:R/S:U/C:H/I:H/A:H,9.3 HIGH,(AV:N/AC:M/Au:N/C:C/I:C/A:C)
CVE-2021-42321,8.8 HIGH,CVSS:3.1/AV:N/AC:L/PR:L/UI:N/S:U/C:H/I:H/A:H,6.5 MEDIUM,(AV:N/AC:L/Au:S/C:P/I:P/A:P)
CVE-2010-3333,N/A,N/A,9.3 HIGH,(AV:N/AC:M/Au:N/C:C/I:C/A:C)
CVE-2016-7201,7.5 HIGH,CVSS:3.0/AV:N/AC:H/PR:N/UI:R/S:U/C:H/I:H/A:H,7.6 HIGH,(AV:N/AC:H/Au:N/C:C/I:C/A:C)
CVE-2016-4117,9.8 CRITICAL,CVSS:3.0/AV:N/AC:L/PR:N/UI:N/S:U/C:H/I:H/A:H,10.0 HIGH,(AV:N/AC:L/Au:N/C:C/I:C/A:C)
CVE-2020-1147,7.8 HIGH,CVSS:3.1/AV:L/AC:L/PR:N/UI:R/S:U/C:H/I:H/A:H,6.8 MEDIUM,(AV:N/AC:M/Au:N/C:P/I:P/A:P)
CVE-2015-1769,N/A,N/A,7.2 HIGH,(AV:L/AC:L/Au:N/C:C/I:C/A:C)
CVE-2021-1048,7.8 HIGH,CVSS:3.1/AV:L/AC:L/PR:L/UI:N/S:U/C:H/I:H/A:H,7.2 HIGH,(AV:L/AC:L/Au:N/C:C/I:C/A:C)
CVE-2019-11581,9.8 CRITICAL,CVSS:3.0/AV:N/AC:L/PR:N/UI:N/S:U/C:H/I:H/A:H,9.3 HIGH,(AV:N/AC:M/Au:N/C:C/I:C/A:C)
CVE-2022-20821,6.5 MEDIUM,CVSS:3.1/AV:N/AC:L/PR:N/UI:N/S:U/C:L/I:L/A:N,6.4 MEDIUM,(AV:N/AC:L/Au:N/C:P/I:P/A:N)
CVE-2021-22894,8.8 HIGH,CVSS:3.1/AV:N/AC:L/PR:L/UI:N/S:U/C:H/I:H/A:H,9.0 HIGH,(AV:N/AC:L/Au:S/C:C/I:C/A:C)
CVE-2022-26134,9.8 CRITICAL,CVSS:3.1/AV:N/AC:L/PR:N/UI:N/S:U/C:H/I:H/A:H,7.5 HIGH,(AV:N/AC:L/Au:N/C:P/I:P/A:P)
CVE-2021-30860,7.8 HIGH,CVSS:3.1/AV:L/AC:L/PR:N/UI:R/S:U/C:H/I:H/A:H,6.8 MEDIUM,(AV:N/AC:M/Au:N/C:P/I:P/A:P)
CVE-2012-0754,N/A,N/A,10.0 HIGH,(AV:N/AC:L/Au:N/C:C/I:C/A:C)
CVE-2016-5195,7.8 HIGH,CVSS:3.0/AV:L/AC:L/PR:L/UI:N/S:U/C:H/I:H/A:H,7.2 HIGH,(AV:L/AC:L/Au:N/C:C/I:C/A:C)
CVE-2011-2462,N/A,N/A,10.0 HIGH,(AV:N/AC:L/Au:N/C:C/I:C/A:C)
CVE-2014-0546,N/A,N/A,10.0 HIGH,(AV:N/AC:L/Au:N/C:C/I:C/A:C)
CVE-2015-0313,N/A,N/A,10.0 HIGH,(AV:N/AC:L/Au:N/C:C/I:C/A:C)
CVE-2021-33739,7.8 HIGH,CVSS:3.1/AV:L/AC:L/PR:L/UI:N/S:U/C:H/I:H/A:H,4.6 MEDIUM,(AV:L/AC:L/Au:N/C:P/I:P/A:P)
CVE-2008-2992,N/A,N/A,9.3 HIGH,(AV:N/AC:M/Au:N/C:C/I:C/A:C)
CVE-2016-7255,7.8 HIGH,CVSS:3.0/AV:L/AC:L/PR:L/UI:N/S:U/C:H/I:H/A:H,7.2 HIGH,(AV:L/AC:L/Au:N/C:C/I:C/A:C)
CVE-2020-14882,9.8 CRITICAL,N/A,10.0 HIGH,(AV:N/AC:L/Au:N/C:C/I:C/A:C)
CVE-2017-6663,6.5 MEDIUM,CVSS:3.0/AV:A/AC:L/PR:N/UI:N/S:U/C:N/I:N/A:H,6.1 MEDIUM,(AV:A/AC:L/Au:N/C:N/I:N/A:C)
CVE-2019-18935,9.8 CRITICAL,CVSS:3.1/AV:N/AC:L/PR:N/UI:N/S:U/C:H/I:H/A:H,7.5 HIGH,(AV:N/AC:L/Au:N/C:P/I:P/A:P)
CVE-2022-30190,7.8 HIGH,N/A,9.3 HIGH,(AV:N/AC:M/Au:N/C:C/I:C/A:C)
CVE-2014-1776,N/A,N/A,10.0 HIGH,(AV:N/AC:L/Au:N/C:C/I:C/A:C)
CVE-2018-0125,9.8 CRITICAL,CVSS:3.0/AV:N/AC:L/PR:N/UI:N/S:U/C:H/I:H/A:H,10.0 HIGH,(AV:N/AC:L/Au:N/C:C/I:C/A:C)
CVE-2011-2005,N/A,N/A,7.2 HIGH,(AV:L/AC:L/Au:N/C:C/I:C/A:C)
CVE-2020-13671,8.8 HIGH,CVSS:3.1/AV:N/AC:L/PR:L/UI:N/S:U/C:H/I:H/A:H,6.5 MEDIUM,(AV:N/AC:L/Au:S/C:P/I:P/A:P)
CVE-2021-20090,9.8 CRITICAL,CVSS:3.1/AV:N/AC:L/PR:N/UI:N/S:U/C:H/I:H/A:H,7.5 HIGH,(AV:N/AC:L/Au:N/C:P/I:P/A:P)
CVE-2021-20038,9.8 CRITICAL,CVSS:3.1/AV:N/AC:L/PR:N/UI:N/S:U/C:H/I:H/A:H,7.5 HIGH,(AV:N/AC:L/Au:N/C:P/I:P/A:P)
CVE-2022-21919,7.0 HIGH,N/A,6.9 MEDIUM,(AV:L/AC:M/Au:N/C:C/I:C/A:C)
CVE-2019-1129,7.8 HIGH,CVSS:3.0/AV:L/AC:L/PR:L/UI:N/S:U/C:H/I:H/A:H,7.2 HIGH,(AV:L/AC:L/Au:N/C:C/I:C/A:C)
CVE-2019-8605,7.8 HIGH,CVSS:3.1/AV:L/AC:L/PR:N/UI:R/S:U/C:H/I:H/A:H,9.3 HIGH,(AV:N/AC:M/Au:N/C:C/I:C/A:C)
CVE-2021-31207,7.2 HIGH,CVSS:3.1/AV:N/AC:L/PR:H/UI:N/S:U/C:H/I:H/A:H,6.5 MEDIUM,(AV:N/AC:L/Au:S/C:P/I:P/A:P)
CVE-2014-1812,N/A,N/A,9.0 HIGH,(AV:N/AC:L/Au:S/C:C/I:C/A:C)
CVE-2021-38645,7.8 HIGH,CVSS:3.1/AV:L/AC:L/PR:L/UI:N/S:U/C:H/I:H/A:H,4.6 MEDIUM,(AV:L/AC:L/Au:N/C:P/I:P/A:P)
CVE-2020-29557,9.8 CRITICAL,CVSS:3.1/AV:N/AC:L/PR:N/UI:N/S:U/C:H/I:H/A:H,10.0 HIGH,(AV:N/AC:L/Au:N/C:C/I:C/A:C)
CVE-2019-1367,7.5 HIGH,CVSS:3.1/AV:N/AC:H/PR:N/UI:R/S:U/C:H/I:H/A:H,7.6 HIGH,(AV:N/AC:H/Au:N/C:C/I:C/A:C)
CVE-2020-14883,7.2 HIGH,N/A,9.0 HIGH,(AV:N/AC:L/Au:S/C:C/I:C/A:C)
CVE-2022-22947,10.0 CRITICAL,CVSS:3.1/AV:N/AC:L/PR:N/UI:N/S:C/C:H/I:H/A:H,6.8 MEDIUM,(AV:N/AC:M/Au:N/C:P/I:P/A:P)
CVE-2022-22587,9.8 CRITICAL,CVSS:3.1/AV:N/AC:L/PR:N/UI:N/S:U/C:H/I:H/A:H,10.0 HIGH,(AV:N/AC:L/Au:N/C:C/I:C/A:C)
CVE-2021-0920,6.4 MEDIUM,CVSS:3.1/AV:L/AC:H/PR:H/UI:N/S:U/C:H/I:H/A:H,6.9 MEDIUM,(AV:L/AC:M/Au:N/C:C/I:C/A:C)
CVE-2019-20085,7.5 HIGH,CVSS:3.1/AV:N/AC:L/PR:N/UI:N/S:U/C:H/I:N/A:N,5.0 MEDIUM,(AV:N/AC:L/Au:N/C:P/I:N/A:N)
CVE-2021-41357,7.8 HIGH,CVSS:3.1/AV:L/AC:L/PR:L/UI:N/S:U/C:H/I:H/A:H,4.6 MEDIUM,(AV:L/AC:L/Au:N/C:P/I:P/A:P)
CVE-2020-10199,8.8 HIGH,CVSS:3.1/AV:N/AC:L/PR:L/UI:N/S:U/C:H/I:H/A:H,9.0 HIGH,(AV:N/AC:L/Au:S/C:C/I:C/A:C)
CVE-2020-15999,6.5 MEDIUM,CVSS:3.1/AV:N/AC:L/PR:N/UI:R/S:U/C:N/I:N/A:H,4.3 MEDIUM,(AV:N/AC:M/Au:N/C:N/I:N/A:P)
CVE-2016-3976,7.5 HIGH,CVSS:3.1/AV:N/AC:L/PR:N/UI:N/S:U/C:H/I:N/A:N,5.0 MEDIUM,(AV:N/AC:L/Au:N/C:P/I:N/A:N)
CVE-2018-14839,9.8 CRITICAL,CVSS:3.0/AV:N/AC:L/PR:N/UI:N/S:U/C:H/I:H/A:H,7.5 HIGH,(AV:N/AC:L/Au:N/C:P/I:P/A:P)
CVE-2020-0638,7.8 HIGH,CVSS:3.1/AV:L/AC:L/PR:L/UI:N/S:U/C:H/I:H/A:H,4.6 MEDIUM,(AV:L/AC:L/Au:N/C:P/I:P/A:P)
CVE-2018-0151,9.8 CRITICAL,CVSS:3.1/AV:N/AC:L/PR:N/UI:N/S:U/C:H/I:H/A:H,10.0 HIGH,(AV:N/AC:L/Au:N/C:C/I:C/A:C)
CVE-2016-7200,7.5 HIGH,CVSS:3.0/AV:N/AC:H/PR:N/UI:R/S:U/C:H/I:H/A:H,7.6 HIGH,(AV:N/AC:H/Au:N/C:C/I:C/A:C)
CVE-2017-6744,8.8 HIGH,CVSS:3.0/AV:N/AC:L/PR:L/UI:N/S:U/C:H/I:H/A:H,9.0 HIGH,(AV:N/AC:L/Au:S/C:C/I:C/A:C)
CVE-2021-21017,8.8 HIGH,N/A,6.8 MEDIUM,(AV:N/AC:M/Au:N/C:P/I:P/A:P)
CVE-2019-17026,8.8 HIGH,CVSS:3.1/AV:N/AC:L/PR:N/UI:R/S:U/C:H/I:H/A:H,6.8 MEDIUM,(AV:N/AC:M/Au:N/C:P/I:P/A:P)
CVE-2021-30869,7.8 HIGH,CVSS:3.1/AV:L/AC:L/PR:N/UI:R/S:U/C:H/I:H/A:H,9.3 HIGH,(AV:N/AC:M/Au:N/C:C/I:C/A:C)
CVE-2021-33766,7.5 HIGH,CVSS:3.1/AV:N/AC:L/PR:N/UI:N/S:U/C:H/I:N/A:N,5.0 MEDIUM,(AV:N/AC:L/Au:N/C:P/I:N/A:N)
CVE-2014-0130,N/A,N/A,4.3 MEDIUM,(AV:N/AC:M/Au:N/C:P/I:N/A:N)
CVE-2018-0296,7.5 HIGH,CVSS:3.1/AV:N/AC:L/PR:N/UI:N/S:U/C:N/I:N/A:H,5.0 MEDIUM,(AV:N/AC:L/Au:N/C:N/I:N/A:P)
CVE-2020-9377,8.8 HIGH,CVSS:3.1/AV:N/AC:L/PR:L/UI:N/S:U/C:H/I:H/A:H,6.5 MEDIUM,(AV:N/AC:L/Au:S/C:P/I:P/A:P)
CVE-2021-40444,7.8 HIGH,CVSS:3.1/AV:L/AC:L/PR:N/UI:R/S:U/C:H/I:H/A:H,6.8 MEDIUM,(AV:N/AC:M/Au:N/C:P/I:P/A:P)
CVE-2020-3992,9.8 CRITICAL,CVSS:3.1/AV:N/AC:L/PR:N/UI:N/S:U/C:H/I:H/A:H,10.0 HIGH,(AV:N/AC:L/Au:N/C:C/I:C/A:C)
CVE-2018-0179,5.9 MEDIUM,CVSS:3.0/AV:N/AC:H/PR:N/UI:N/S:U/C:N/I:N/A:H,7.1 HIGH,(AV:N/AC:M/Au:N/C:N/I:N/A:C)
CVE-2021-40438,9.0 CRITICAL,CVSS:3.1/AV:N/AC:H/PR:N/UI:N/S:C/C:H/I:H/A:H,6.8 MEDIUM,(AV:N/AC:M/Au:N/C:P/I:P/A:P)
CVE-2011-3544,N/A,N/A,10.0 HIGH,(AV:N/AC:L/Au:N/C:C/I:C/A:C)
CVE-2020-26919,9.8 CRITICAL,N/A,7.5 HIGH,(AV:N/AC:L/Au:N/C:P/I:P/A:P)
CVE-2017-6627,7.5 HIGH,CVSS:3.0/AV:N/AC:L/PR:N/UI:N/S:U/C:N/I:N/A:H,5.0 MEDIUM,(AV:N/AC:L/Au:N/C:N/I:N/A:P)
CVE-2017-17562,8.1 HIGH,CVSS:3.0/AV:N/AC:H/PR:N/UI:N/S:U/C:H/I:H/A:H,6.8 MEDIUM,(AV:N/AC:M/Au:N/C:P/I:P/A:P)
CVE-2020-10181,9.8 CRITICAL,CVSS:3.1/AV:N/AC:L/PR:N/UI:N/S:U/C:H/I:H/A:H,7.5 HIGH,(AV:N/AC:L/Au:N/C:P/I:P/A:P)
CVE-2017-0005,7.0 HIGH,CVSS:3.0/AV:L/AC:H/PR:L/UI:N/S:U/C:H/I:H/A:H,6.9 MEDIUM,(AV:L/AC:M/Au:N/C:C/I:C/A:C)
CVE-2019-0752,7.5 HIGH,CVSS:3.0/AV:N/AC:H/PR:N/UI:R/S:U/C:H/I:H/A:H,7.6 HIGH,(AV:N/AC:H/Au:N/C:C/I:C/A:C)
CVE-2013-3900,N/A,N/A,7.6 HIGH,(AV:N/AC:H/Au:N/C:C/I:C/A:C)
CVE-2018-4344,7.8 HIGH,CVSS:3.0/AV:L/AC:L/PR:N/UI:R/S:U/C:H/I:H/A:H,9.3 HIGH,(AV:N/AC:M/Au:N/C:C/I:C/A:C)
CVE-2020-25506,9.8 CRITICAL,CVSS:3.1/AV:N/AC:L/PR:N/UI:N/S:U/C:H/I:H/A:H,7.5 HIGH,(AV:N/AC:L/Au:N/C:P/I:P/A:P)
CVE-2021-4102,8.8 HIGH,CVSS:3.1/AV:N/AC:L/PR:N/UI:R/S:U/C:H/I:H/A:H,6.8 MEDIUM,(AV:N/AC:M/Au:N/C:P/I:P/A:P)
CVE-2021-44515,9.8 CRITICAL,CVSS:3.1/AV:N/AC:L/PR:N/UI:N/S:U/C:H/I:H/A:H,10.0 HIGH,(AV:N/AC:L/Au:N/C:C/I:C/A:C)
CVE-2015-2546,N/A,N/A,6.9 MEDIUM,(AV:L/AC:M/Au:N/C:C/I:C/A:C)
CVE-2021-1789,8.8 HIGH,CVSS:3.1/AV:N/AC:L/PR:N/UI:R/S:U/C:H/I:H/A:H,6.8 MEDIUM,(AV:N/AC:M/Au:N/C:P/I:P/A:P)
CVE-2009-0927,N/A,N/A,9.3 HIGH,(AV:N/AC:M/Au:N/C:C/I:C/A:C)
CVE-2018-15961,9.8 CRITICAL,CVSS:3.0/AV:N/AC:L/PR:N/UI:N/S:U/C:H/I:H/A:H,10.0 HIGH,(AV:N/AC:L/Au:N/C:C/I:C/A:C)
CVE-2010-0840,N/A,N/A,7.5 HIGH,(AV:N/AC:L/Au:N/C:P/I:P/A:P)
CVE-2021-22005,9.8 CRITICAL,CVSS:3.1/AV:N/AC:L/PR:N/UI:N/S:U/C:H/I:H/A:H,7.5 HIGH,(AV:N/AC:L/Au:N/C:P/I:P/A:P)
CVE-2019-7286,7.8 HIGH,CVSS:3.1/AV:L/AC:L/PR:N/UI:R/S:U/C:H/I:H/A:H,6.8 MEDIUM,(AV:N/AC:M/Au:N/C:P/I:P/A:P)
CVE-2014-4114,N/A,N/A,9.3 HIGH,(AV:N/AC:M/Au:N/C:C/I:C/A:C)
CVE-2020-24557,7.8 HIGH,CVSS:3.1/AV:L/AC:L/PR:L/UI:N/S:U/C:H/I:H/A:H,7.2 HIGH,(AV:L/AC:L/Au:N/C:C/I:C/A:C)
CVE-2014-9163,N/A,N/A,10.0 HIGH,(AV:N/AC:L/Au:N/C:C/I:C/A:C)
CVE-2021-28799,9.8 CRITICAL,CVSS:3.1/AV:N/AC:L/PR:N/UI:N/S:U/C:H/I:H/A:H,7.5 HIGH,(AV:N/AC:L/Au:N/C:P/I:P/A:P)
CVE-2016-2388,5.3 MEDIUM,CVSS:3.1/AV:N/AC:L/PR:N/UI:N/S:U/C:L/I:N/A:N,5.0 MEDIUM,(AV:N/AC:L/Au:N/C:P/I:N/A:N)
CVE-2017-6334,8.8 HIGH,CVSS:3.0/AV:N/AC:L/PR:L/UI:N/S:U/C:H/I:H/A:H,9.0 HIGH,(AV:N/AC:L/Au:S/C:C/I:C/A:C)
CVE-2021-44168,7.8 HIGH,CVSS:3.1/AV:L/AC:L/PR:L/UI:N/S:U/C:H/I:H/A:H,4.6 MEDIUM,(AV:L/AC:L/Au:N/C:P/I:P/A:P)
CVE-2020-1956,8.8 HIGH,CVSS:3.1/AV:N/AC:L/PR:L/UI:N/S:U/C:H/I:H/A:H,9.0 HIGH,(AV:N/AC:L/Au:S/C:C/I:C/A:C)
CVE-2020-2509,9.8 CRITICAL,CVSS:3.1/AV:N/AC:L/PR:N/UI:N/S:U/C:H/I:H/A:H,7.5 HIGH,(AV:N/AC:L/Au:N/C:P/I:P/A:P)
CVE-2021-30563,8.8 HIGH,CVSS:3.1/AV:N/AC:L/PR:N/UI:R/S:U/C:H/I:H/A:H,6.8 MEDIUM,(AV:N/AC:M/Au:N/C:P/I:P/A:P)
CVE-2018-19953,6.1 MEDIUM,CVSS:3.1/AV:N/AC:L/PR:N/UI:R/S:C/C:L/I:L/A:N,4.3 MEDIUM,(AV:N/AC:M/Au:N/C:N/I:P/A:N)
CVE-2016-4171,9.8 CRITICAL,CVSS:3.1/AV:N/AC:L/PR:N/UI:N/S:U/C:H/I:H/A:H,10.0 HIGH,(AV:N/AC:L/Au:N/C:C/I:C/A:C)
CVE-2017-3881,9.8 CRITICAL,CVSS:3.1/AV:N/AC:L/PR:N/UI:N/S:U/C:H/I:H/A:H,10.0 HIGH,(AV:N/AC:L/Au:N/C:C/I:C/A:C)
CVE-2018-14847,9.1 CRITICAL,CVSS:3.0/AV:N/AC:L/PR:N/UI:N/S:U/C:H/I:H/A:N,6.4 MEDIUM,(AV:N/AC:L/Au:N/C:P/I:P/A:N)
CVE-2021-1497,9.8 CRITICAL,CVSS:3.1/AV:N/AC:L/PR:N/UI:N/S:U/C:H/I:H/A:H,10.0 HIGH,(AV:N/AC:L/Au:N/C:C/I:C/A:C)
CVE-2021-35211,10.0 CRITICAL,CVSS:3.1/AV:N/AC:L/PR:N/UI:N/S:C/C:H/I:H/A:H,10.0 HIGH,(AV:N/AC:L/Au:N/C:C/I:C/A:C)
CVE-2013-0632,N/A,N/A,10.0 HIGH,(AV:N/AC:L/Au:N/C:C/I:C/A:C)
CVE-2014-0160,7.5 HIGH,CVSS:3.1/AV:N/AC:L/PR:N/UI:N/S:U/C:H/I:N/A:N,5.0 MEDIUM,(AV:N/AC:L/Au:N/C:P/I:N/A:N)
CVE-2017-6738,8.8 HIGH,CVSS:3.0/AV:N/AC:L/PR:L/UI:N/S:U/C:H/I:H/A:H,9.0 HIGH,(AV:N/AC:L/Au:S/C:C/I:C/A:C)
CVE-2016-10174,9.8 CRITICAL,CVSS:3.0/AV:N/AC:L/PR:N/UI:N/S:U/C:H/I:H/A:H,10.0 HIGH,(AV:N/AC:L/Au:N/C:C/I:C/A:C)
CVE-2021-44228,10.0 CRITICAL,CVSS:3.1/AV:N/AC:L/PR:N/UI:N/S:C/C:H/I:H/A:H,9.3 HIGH,(AV:N/AC:M/Au:N/C:C/I:C/A:C)
CVE-2013-3897,N/A,N/A,9.3 HIGH,(AV:N/AC:M/Au:N/C:C/I:C/A:C)
CVE-2019-8394,6.5 MEDIUM,CVSS:3.0/AV:N/AC:L/PR:L/UI:N/S:U/C:N/I:H/A:N,4.0 MEDIUM,(AV:N/AC:L/Au:S/C:N/I:P/A:N)
CVE-2018-13383,6.5 MEDIUM,CVSS:3.1/AV:N/AC:L/PR:N/UI:R/S:U/C:N/I:N/A:H,4.3 MEDIUM,(AV:N/AC:M/Au:N/C:N/I:N/A:P)
CVE-2021-33742,8.8 HIGH,CVSS:3.1/AV:N/AC:L/PR:N/UI:R/S:U/C:H/I:H/A:H,6.8 MEDIUM,(AV:N/AC:M/Au:N/C:P/I:P/A:P)
CVE-2020-11738,7.5 HIGH,CVSS:3.1/AV:N/AC:L/PR:N/UI:N/S:U/C:H/I:N/A:N,5.0 MEDIUM,(AV:N/AC:L/Au:N/C:P/I:N/A:N)
CVE-2021-30661,8.8 HIGH,CVSS:3.1/AV:N/AC:L/PR:N/UI:R/S:U/C:H/I:H/A:H,6.8 MEDIUM,(AV:N/AC:M/Au:N/C:P/I:P/A:P)
CVE-2016-0162,4.3 MEDIUM,CVSS:3.0/AV:N/AC:L/PR:N/UI:R/S:U/C:L/I:N/A:N,4.3 MEDIUM,(AV:N/AC:M/Au:N/C:P/I:N/A:N)
CVE-2020-27950,5.5 MEDIUM,CVSS:3.1/AV:L/AC:L/PR:N/UI:R/S:U/C:H/I:N/A:N,7.1 HIGH,(AV:N/AC:M/Au:N/C:C/I:N/A:N)
CVE-2021-36741,8.8 HIGH,CVSS:3.1/AV:N/AC:L/PR:L/UI:N/S:U/C:H/I:H/A:H,6.5 MEDIUM,(AV:N/AC:L/Au:S/C:P/I:P/A:P)
CVE-2022-29499,9.8 CRITICAL,CVSS:3.1/AV:N/AC:L/PR:N/UI:N/S:U/C:H/I:H/A:H,10.0 HIGH,(AV:N/AC:L/Au:N/C:C/I:C/A:C)
CVE-2019-7193,9.8 CRITICAL,CVSS:3.1/AV:N/AC:L/PR:N/UI:N/S:U/C:H/I:H/A:H,10.0 HIGH,(AV:N/AC:L/Au:N/C:C/I:C/A:C)
CVE-2021-36942,5.3 MEDIUM,CVSS:3.1/AV:N/AC:L/PR:N/UI:N/S:U/C:N/I:L/A:N,5.0 MEDIUM,(AV:N/AC:L/Au:N/C:N/I:P/A:N)
CVE-2021-22506,7.5 HIGH,CVSS:3.1/AV:N/AC:L/PR:N/UI:N/S:U/C:H/I:N/A:N,5.0 MEDIUM,(AV:N/AC:L/Au:N/C:P/I:N/A:N)
CVE-2021-27101,9.8 CRITICAL,CVSS:3.1/AV:N/AC:L/PR:N/UI:N/S:U/C:H/I:H/A:H,7.5 HIGH,(AV:N/AC:L/Au:N/C:P/I:P/A:P)
CVE-2009-1151,N/A,N/A,7.5 HIGH,(AV:N/AC:L/Au:N/C:P/I:P/A:P)
CVE-2013-2551,N/A,N/A,9.3 HIGH,(AV:N/AC:M/Au:N/C:C/I:C/A:C)
CVE-2015-1770,N/A,N/A,9.3 HIGH,(AV:N/AC:M/Au:N/C:C/I:C/A:C)
CVE-2016-7256,8.8 HIGH,CVSS:3.0/AV:N/AC:L/PR:N/UI:R/S:U/C:H/I:H/A:H,9.3 HIGH,(AV:N/AC:M/Au:N/C:C/I:C/A:C)
CVE-2021-30533,6.5 MEDIUM,CVSS:3.1/AV:N/AC:L/PR:N/UI:R/S:U/C:N/I:H/A:N,4.3 MEDIUM,(AV:N/AC:M/Au:N/C:N/I:P/A:N)
CVE-2020-4006,9.1 CRITICAL,CVSS:3.1/AV:N/AC:L/PR:H/UI:N/S:C/C:H/I:H/A:H,9.0 HIGH,(AV:N/AC:L/Au:S/C:C/I:C/A:C)
CVE-2018-6882,6.1 MEDIUM,CVSS:3.0/AV:N/AC:L/PR:N/UI:R/S:C/C:L/I:L/A:N,4.3 MEDIUM,(AV:N/AC:M/Au:N/C:N/I:P/A:N)
CVE-2019-18988,7.0 HIGH,CVSS:3.1/AV:L/AC:H/PR:L/UI:N/S:U/C:H/I:H/A:H,4.4 MEDIUM,(AV:L/AC:M/Au:N/C:P/I:P/A:P)
CVE-2020-3161,9.8 CRITICAL,CVSS:3.1/AV:N/AC:L/PR:N/UI:N/S:U/C:H/I:H/A:H,10.0 HIGH,(AV:N/AC:L/Au:N/C:C/I:C/A:C)
CVE-2021-31166,9.8 CRITICAL,CVSS:3.1/AV:N/AC:L/PR:N/UI:N/S:U/C:H/I:H/A:H,7.5 HIGH,(AV:N/AC:L/Au:N/C:P/I:P/A:P)
CVE-2015-4902,N/A,N/A,5.0 MEDIUM,(AV:N/AC:L/Au:N/C:N/I:P/A:N)
CVE-2016-7892,9.8 CRITICAL,CVSS:3.0/AV:N/AC:L/PR:N/UI:N/S:U/C:H/I:H/A:H,10.0 HIGH,(AV:N/AC:L/Au:N/C:C/I:C/A:C)
CVE-2012-1535,N/A,N/A,9.3 HIGH,(AV:N/AC:M/Au:N/C:C/I:C/A:C)
CVE-2007-5659,N/A,N/A,9.3 HIGH,(AV:N/AC:M/Au:N/C:C/I:C/A:C)
CVE-2021-35395,9.8 CRITICAL,CVSS:3.1/AV:N/AC:L/PR:N/UI:N/S:U/C:H/I:H/A:H,10.0 HIGH,(AV:N/AC:L/Au:N/C:C/I:C/A:C)
CVE-2018-8440,7.8 HIGH,CVSS:3.0/AV:L/AC:L/PR:L/UI:N/S:U/C:H/I:H/A:H,7.2 HIGH,(AV:L/AC:L/Au:N/C:C/I:C/A:C)
CVE-2009-0563,N/A,N/A,9.3 HIGH,(AV:N/AC:M/Au:N/C:C/I:C/A:C)
CVE-2019-18426,8.2 HIGH,CVSS:3.1/AV:N/AC:L/PR:N/UI:R/S:C/C:H/I:L/A:N,5.8 MEDIUM,(AV:N/AC:M/Au:N/C:P/I:P/A:N)
CVE-2017-6327,8.8 HIGH,CVSS:3.0/AV:N/AC:L/PR:L/UI:N/S:U/C:H/I:H/A:H,6.5 MEDIUM,(AV:N/AC:L/Au:S/C:P/I:P/A:P)
CVE-2016-7855,8.8 HIGH,CVSS:3.0/AV:N/AC:L/PR:N/UI:R/S:U/C:H/I:H/A:H,9.3 HIGH,(AV:N/AC:M/Au:N/C:C/I:C/A:C)
CVE-2017-12240,9.8 CRITICAL,CVSS:3.0/AV:N/AC:L/PR:N/UI:N/S:U/C:H/I:H/A:H,10.0 HIGH,(AV:N/AC:L/Au:N/C:C/I:C/A:C)
CVE-2017-5689,9.8 CRITICAL,CVSS:3.1/AV:N/AC:L/PR:N/UI:N/S:U/C:H/I:H/A:H,10.0 HIGH,(AV:N/AC:L/Au:N/C:C/I:C/A:C)
CVE-2021-38647,9.8 CRITICAL,CVSS:3.1/AV:N/AC:L/PR:N/UI:N/S:U/C:H/I:H/A:H,7.5 HIGH,(AV:N/AC:L/Au:N/C:P/I:P/A:P)
CVE-2019-1069,7.8 HIGH,CVSS:3.0/AV:L/AC:L/PR:L/UI:N/S:U/C:H/I:H/A:H,7.2 HIGH,(AV:L/AC:L/Au:N/C:C/I:C/A:C)
CVE-2020-16013,8.8 HIGH,CVSS:3.1/AV:N/AC:L/PR:N/UI:R/S:U/C:H/I:H/A:H,6.8 MEDIUM,(AV:N/AC:M/Au:N/C:P/I:P/A:P)
CVE-2013-4810,N/A,N/A,10.0 HIGH,(AV:N/AC:L/Au:N/C:C/I:C/A:C)
CVE-2018-11776,8.1 HIGH,CVSS:3.0/AV:N/AC:H/PR:N/UI:N/S:U/C:H/I:H/A:H,9.3 HIGH,(AV:N/AC:M/Au:N/C:C/I:C/A:C)
CVE-2020-1631,9.8 CRITICAL,CVSS:3.1/AV:N/AC:L/PR:N/UI:N/S:U/C:H/I:H/A:H,6.8 MEDIUM,(AV:N/AC:M/Au:N/C:P/I:P/A:P)
CVE-2019-0797,7.8 HIGH,CVSS:3.0/AV:L/AC:L/PR:L/UI:N/S:U/C:H/I:H/A:H,7.2 HIGH,(AV:L/AC:L/Au:N/C:C/I:C/A:C)
CVE-2013-2729,N/A,N/A,10.0 HIGH,(AV:N/AC:L/Au:N/C:C/I:C/A:C)
CVE-2021-22017,5.3 MEDIUM,CVSS:3.1/AV:N/AC:L/PR:N/UI:N/S:U/C:L/I:N/A:N,5.0 MEDIUM,(AV:N/AC:L/Au:N/C:P/I:N/A:N)
CVE-2011-0609,N/A,N/A,9.3 HIGH,(AV:N/AC:M/Au:N/C:C/I:C/A:C)
CVE-2021-31755,9.8 CRITICAL,CVSS:3.1/AV:N/AC:L/PR:N/UI:N/S:U/C:H/I:H/A:H,10.0 HIGH,(AV:N/AC:L/Au:N/C:C/I:C/A:C)
CVE-2017-8543,9.8 CRITICAL,CVSS:3.0/AV:N/AC:L/PR:N/UI:N/S:U/C:H/I:H/A:H,10.0 HIGH,(AV:N/AC:L/Au:N/C:C/I:C/A:C)
CVE-2019-18187,7.5 HIGH,CVSS:3.1/AV:N/AC:L/PR:N/UI:N/S:U/C:H/I:N/A:N,5.0 MEDIUM,(AV:N/AC:L/Au:N/C:P/I:N/A:N)
CVE-2019-15949,8.8 HIGH,CVSS:3.1/AV:N/AC:L/PR:L/UI:N/S:U/C:H/I:H/A:H,9.0 HIGH,(AV:N/AC:L/Au:S/C:C/I:C/A:C)
CVE-2019-13720,8.8 HIGH,CVSS:3.1/AV:N/AC:L/PR:N/UI:R/S:U/C:H/I:H/A:H,6.8 MEDIUM,(AV:N/AC:M/Au:N/C:P/I:P/A:P)
CVE-2010-4344,N/A,N/A,9.3 HIGH,(AV:N/AC:M/Au:N/C:C/I:C/A:C)
CVE-2016-3351,3.1 LOW,CVSS:3.0/AV:N/AC:H/PR:N/UI:R/S:U/C:L/I:N/A:N,2.6 LOW,(AV:N/AC:H/Au:N/C:P/I:N/A:N)
CVE-2015-1671,N/A,N/A,9.3 HIGH,(AV:N/AC:M/Au:N/C:C/I:C/A:C)
CVE-2017-11826,7.8 HIGH,CVSS:3.0/AV:L/AC:L/PR:N/UI:R/S:U/C:H/I:H/A:H,9.3 HIGH,(AV:N/AC:M/Au:N/C:C/I:C/A:C)
CVE-2020-14871,10.0 CRITICAL,N/A,10.0 HIGH,(AV:N/AC:L/Au:N/C:C/I:C/A:C)
CVE-2019-7192,9.8 CRITICAL,CVSS:3.1/AV:N/AC:L/PR:N/UI:N/S:U/C:H/I:H/A:H,7.5 HIGH,(AV:N/AC:L/Au:N/C:P/I:P/A:P)
CVE-2016-0984,9.8 CRITICAL,CVSS:3.0/AV:N/AC:L/PR:N/UI:N/S:U/C:H/I:H/A:H,10.0 HIGH,(AV:N/AC:L/Au:N/C:C/I:C/A:C)
CVE-2010-2883,N/A,N/A,9.3 HIGH,(AV:N/AC:M/Au:N/C:C/I:C/A:C)
CVE-2020-1040,9.0 CRITICAL,CVSS:3.1/AV:A/AC:L/PR:L/UI:N/S:C/C:H/I:H/A:H,7.7 HIGH,(AV:A/AC:L/Au:S/C:C/I:C/A:C)
CVE-2012-0391,N/A,N/A,9.3 HIGH,(AV:N/AC:M/Au:N/C:C/I:C/A:C)
CVE-2019-2725,9.8 CRITICAL,CVSS:3.1/AV:N/AC:L/PR:N/UI:N/S:U/C:H/I:H/A:H,7.5 HIGH,(AV:N/AC:L/Au:N/C:P/I:P/A:P)
CVE-2020-10189,9.8 CRITICAL,CVSS:3.1/AV:N/AC:L/PR:N/UI:N/S:U/C:H/I:H/A:H,10.0 HIGH,(AV:N/AC:L/Au:N/C:C/I:C/A:C)
CVE-2017-6736,8.8 HIGH,CVSS:3.0/AV:N/AC:L/PR:L/UI:N/S:U/C:H/I:H/A:H,9.0 HIGH,(AV:N/AC:L/Au:S/C:C/I:C/A:C)
CVE-2012-0158,N/A,N/A,9.3 HIGH,(AV:N/AC:M/Au:N/C:C/I:C/A:C)
CVE-2012-5054,N/A,N/A,9.3 HIGH,(AV:N/AC:M/Au:N/C:C/I:C/A:C)
CVE-2018-0154,7.5 HIGH,CVSS:3.0/AV:N/AC:L/PR:N/UI:N/S:U/C:N/I:N/A:H,7.8 HIGH,(AV:N/AC:L/Au:N/C:N/I:N/A:C)
CVE-2015-5122,N/A,N/A,10.0 HIGH,(AV:N/AC:L/Au:N/C:C/I:C/A:C)
CVE-2012-1710,N/A,N/A,7.5 HIGH,(AV:N/AC:L/Au:N/C:P/I:P/A:P)
CVE-2018-19943,5.4 MEDIUM,CVSS:3.1/AV:N/AC:L/PR:L/UI:R/S:C/C:L/I:L/A:N,3.5 LOW,(AV:N/AC:M/Au:S/C:N/I:P/A:N)
CVE-2018-0156,7.5 HIGH,CVSS:3.1/AV:N/AC:L/PR:N/UI:N/S:U/C:N/I:N/A:H,7.8 HIGH,(AV:N/AC:L/Au:N/C:N/I:N/A:C)
CVE-2018-0174,8.6 HIGH,CVSS:3.0/AV:N/AC:L/PR:N/UI:N/S:C/C:N/I:N/A:H,7.8 HIGH,(AV:N/AC:L/Au:N/C:N/I:N/A:C)
CVE-2020-0674,7.5 HIGH,CVSS:3.1/AV:N/AC:H/PR:N/UI:R/S:U/C:H/I:H/A:H,7.6 HIGH,(AV:N/AC:H/Au:N/C:C/I:C/A:C)
CVE-2021-34486,7.8 HIGH,CVSS:3.1/AV:L/AC:L/PR:L/UI:N/S:U/C:H/I:H/A:H,4.6 MEDIUM,(AV:L/AC:L/Au:N/C:P/I:P/A:P)
CVE-2019-0708,9.8 CRITICAL,CVSS:3.0/AV:N/AC:L/PR:N/UI:N/S:U/C:H/I:H/A:H,10.0 HIGH,(AV:N/AC:L/Au:N/C:C/I:C/A:C)
CVE-2018-14558,9.8 CRITICAL,CVSS:3.0/AV:N/AC:L/PR:N/UI:N/S:U/C:H/I:H/A:H,10.0 HIGH,(AV:N/AC:L/Au:N/C:C/I:C/A:C)
CVE-2020-3952,9.8 CRITICAL,CVSS:3.1/AV:N/AC:L/PR:N/UI:N/S:U/C:H/I:H/A:H,6.8 MEDIUM,(AV:N/AC:M/Au:N/C:P/I:P/A:P)
CVE-2020-8195,6.5 MEDIUM,CVSS:3.1/AV:N/AC:L/PR:L/UI:N/S:U/C:H/I:N/A:N,4.0 MEDIUM,(AV:N/AC:L/Au:S/C:P/I:N/A:N)
CVE-2019-1130,7.8 HIGH,CVSS:3.0/AV:L/AC:L/PR:L/UI:N/S:U/C:H/I:H/A:H,7.2 HIGH,(AV:L/AC:L/Au:N/C:C/I:C/A:C)
CVE-2013-1690,N/A,N/A,9.3 HIGH,(AV:N/AC:M/Au:N/C:C/I:C/A:C)
CVE-2019-2215,7.8 HIGH,CVSS:3.1/AV:L/AC:L/PR:L/UI:N/S:U/C:H/I:H/A:H,4.6 MEDIUM,(AV:L/AC:L/Au:N/C:P/I:P/A:P)
CVE-2015-1635,N/A,N/A,10.0 HIGH,(AV:N/AC:L/Au:N/C:C/I:C/A:C)
CVE-2019-10149,9.8 CRITICAL,CVSS:3.1/AV:N/AC:L/PR:N/UI:N/S:U/C:H/I:H/A:H,10.0 HIGH,(AV:N/AC:L/Au:N/C:C/I:C/A:C)
CVE-2021-40539,9.8 CRITICAL,CVSS:3.1/AV:N/AC:L/PR:N/UI:N/S:U/C:H/I:H/A:H,7.5 HIGH,(AV:N/AC:L/Au:N/C:P/I:P/A:P)
CVE-2013-0641,N/A,N/A,9.3 HIGH,(AV:N/AC:M/Au:N/C:C/I:C/A:C)
CVE-2017-12238,6.5 MEDIUM,CVSS:3.0/AV:A/AC:L/PR:N/UI:N/S:U/C:N/I:N/A:H,3.3 LOW,(AV:A/AC:L/Au:N/C:N/I:N/A:P)
CVE-2016-0151,7.8 HIGH,CVSS:3.0/AV:L/AC:L/PR:L/UI:N/S:U/C:H/I:H/A:H,7.2 HIGH,(AV:L/AC:L/Au:N/C:C/I:C/A:C)
CVE-2017-11292,8.8 HIGH,CVSS:3.1/AV:N/AC:L/PR:L/UI:N/S:U/C:H/I:H/A:H,6.5 MEDIUM,(AV:N/AC:L/Au:S/C:P/I:P/A:P)
CVE-2020-14864,7.5 HIGH,N/A,7.8 HIGH,(AV:N/AC:L/Au:N/C:C/I:N/A:N)
CVE-2017-0149,7.5 HIGH,CVSS:3.0/AV:N/AC:H/PR:N/UI:R/S:U/C:H/I:H/A:H,7.6 HIGH,(AV:N/AC:H/Au:N/C:C/I:C/A:C)
CVE-2022-22620,8.8 HIGH,CVSS:3.1/AV:N/AC:L/PR:N/UI:R/S:U/C:H/I:H/A:H,6.8 MEDIUM,(AV:N/AC:M/Au:N/C:P/I:P/A:P)
CVE-2020-9859,7.8 HIGH,CVSS:3.1/AV:L/AC:L/PR:L/UI:N/S:U/C:H/I:H/A:H,7.2 HIGH,(AV:L/AC:L/Au:N/C:C/I:C/A:C)
CVE-2010-4345,N/A,N/A,6.9 MEDIUM,(AV:L/AC:M/Au:N/C:C/I:C/A:C)
CVE-2020-10221,8.8 HIGH,CVSS:3.1/AV:N/AC:L/PR:L/UI:N/S:U/C:H/I:H/A:H,9.0 HIGH,(AV:N/AC:L/Au:S/C:C/I:C/A:C)
CVE-2022-24521,7.8 HIGH,N/A,4.6 MEDIUM,(AV:L/AC:L/Au:N/C:P/I:P/A:P)
CVE-2013-1675,N/A,N/A,4.3 MEDIUM,(AV:N/AC:M/Au:N/C:P/I:N/A:N)
CVE-2020-8655,7.8 HIGH,CVSS:3.1/AV:L/AC:L/PR:N/UI:R/S:U/C:H/I:H/A:H,9.3 HIGH,(AV:N/AC:M/Au:N/C:C/I:C/A:C)
CVE-2018-15811,7.5 HIGH,CVSS:3.0/AV:N/AC:L/PR:N/UI:N/S:U/C:H/I:N/A:N,5.0 MEDIUM,(AV:N/AC:L/Au:N/C:P/I:N/A:N)
CVE-2021-1879,6.1 MEDIUM,CVSS:3.1/AV:N/AC:L/PR:N/UI:R/S:C/C:L/I:L/A:N,4.3 MEDIUM,(AV:N/AC:M/Au:N/C:N/I:P/A:N)
CVE-2015-4495,N/A,N/A,4.3 MEDIUM,(AV:N/AC:M/Au:N/C:P/I:N/A:N)
CVE-2021-22893,10.0 CRITICAL,CVSS:3.1/AV:N/AC:L/PR:N/UI:N/S:C/C:H/I:H/A:H,7.5 HIGH,(AV:N/AC:L/Au:N/C:P/I:P/A:P)
CVE-2017-8759,7.8 HIGH,CVSS:3.0/AV:L/AC:L/PR:N/UI:R/S:U/C:H/I:H/A:H,9.3 HIGH,(AV:N/AC:M/Au:N/C:C/I:C/A:C)
CVE-2017-5070,8.8 HIGH,CVSS:3.1/AV:N/AC:L/PR:N/UI:R/S:U/C:H/I:H/A:H,6.8 MEDIUM,(AV:N/AC:M/Au:N/C:P/I:P/A:P)
CVE-2017-6077,9.8 CRITICAL,CVSS:3.0/AV:N/AC:L/PR:N/UI:N/S:U/C:H/I:H/A:H,10.0 HIGH,(AV:N/AC:L/Au:N/C:C/I:C/A:C)
CVE-2010-1428,N/A,N/A,5.0 MEDIUM,(AV:N/AC:L/Au:N/C:P/I:N/A:N)
CVE-2020-16017,9.6 CRITICAL,CVSS:3.1/AV:N/AC:L/PR:N/UI:R/S:C/C:H/I:H/A:H,6.8 MEDIUM,(AV:N/AC:M/Au:N/C:P/I:P/A:P)
CVE-2017-0101,7.8 HIGH,CVSS:3.0/AV:L/AC:L/PR:N/UI:R/S:U/C:H/I:H/A:H,6.8 MEDIUM,(AV:N/AC:M/Au:N/C:P/I:P/A:P)
CVE-2013-0431,N/A,N/A,5.0 MEDIUM,(AV:N/AC:L/Au:N/C:N/I:P/A:N)
CVE-2015-1641,N/A,N/A,9.3 HIGH,(AV:N/AC:M/Au:N/C:C/I:C/A:C)
CVE-2020-12812,9.8 CRITICAL,CVSS:3.1/AV:N/AC:L/PR:N/UI:N/S:U/C:H/I:H/A:H,7.5 HIGH,(AV:N/AC:L/Au:N/C:P/I:P/A:P)
CVE-2009-1862,N/A,N/A,9.3 HIGH,(AV:N/AC:M/Au:N/C:C/I:C/A:C)
CVE-2011-0611,N/A,N/A,9.3 HIGH,(AV:N/AC:M/Au:N/C:C/I:C/A:C)
CVE-2010-0188,N/A,N/A,9.3 HIGH,(AV:N/AC:M/Au:N/C:C/I:C/A:C)
CVE-2018-17480,8.8 HIGH,CVSS:3.0/AV:N/AC:L/PR:N/UI:R/S:U/C:H/I:H/A:H,6.8 MEDIUM,(AV:N/AC:M/Au:N/C:P/I:P/A:P)
CVE-2006-1547,N/A,N/A,7.8 HIGH,(AV:N/AC:L/Au:N/C:N/I:N/A:C)
CVE-2017-0059,4.3 MEDIUM,CVSS:3.0/AV:N/AC:L/PR:N/UI:R/S:U/C:L/I:N/A:N,4.3 MEDIUM,(AV:N/AC:M/Au:N/C:P/I:N/A:N)
CVE-2022-20703,8.4 HIGH,CVSS:3.1/AV:L/AC:L/PR:N/UI:N/S:U/C:H/I:H/A:H,7.2 HIGH,(AV:L/AC:L/Au:N/C:C/I:C/A:C)
CVE-2021-21220,8.8 HIGH,CVSS:3.1/AV:N/AC:L/PR:N/UI:R/S:U/C:H/I:H/A:H,6.8 MEDIUM,(AV:N/AC:M/Au:N/C:P/I:P/A:P)
CVE-2019-9978,6.1 MEDIUM,CVSS:3.0/AV:N/AC:L/PR:N/UI:R/S:C/C:L/I:L/A:N,4.3 MEDIUM,(AV:N/AC:M/Au:N/C:N/I:P/A:N)
CVE-2020-6287,10.0 CRITICAL,CVSS:3.1/AV:N/AC:L/PR:N/UI:N/S:C/C:H/I:H/A:H,10.0 HIGH,(AV:N/AC:L/Au:N/C:C/I:C/A:C)
CVE-2022-1096,8.8 HIGH,N/A,N/A,CVSS:3.1/AV:N/AC:L/PR:N/UI:R/S:U/C:H/I:H/A:H
CVE-2019-3568,9.8 CRITICAL,CVSS:3.0/AV:N/AC:L/PR:N/UI:N/S:U/C:H/I:H/A:H,7.5 HIGH,(AV:N/AC:L/Au:N/C:P/I:P/A:P)
CVE-2015-0666,N/A,N/A,7.8 HIGH,(AV:N/AC:L/Au:N/C:C/I:N/A:N)
CVE-2021-31201,7.8 HIGH,CVSS:3.1/AV:L/AC:L/PR:L/UI:N/S:U/C:H/I:H/A:H,4.6 MEDIUM,(AV:L/AC:L/Au:N/C:P/I:P/A:P)
CVE-2021-1732,7.8 HIGH,CVSS:3.1/AV:L/AC:L/PR:L/UI:N/S:U/C:H/I:H/A:H,4.6 MEDIUM,(AV:L/AC:L/Au:N/C:P/I:P/A:P)
CVE-2017-11317,9.8 CRITICAL,CVSS:3.0/AV:N/AC:L/PR:N/UI:N/S:U/C:H/I:H/A:H,7.5 HIGH,(AV:N/AC:L/Au:N/C:P/I:P/A:P)
CVE-2012-3152,N/A,N/A,6.4 MEDIUM,(AV:N/AC:L/Au:N/C:P/I:P/A:N)
CVE-2021-30666,8.8 HIGH,CVSS:3.1/AV:N/AC:L/PR:N/UI:R/S:U/C:H/I:H/A:H,6.8 MEDIUM,(AV:N/AC:M/Au:N/C:P/I:P/A:P)
CVE-2021-21973,5.3 MEDIUM,CVSS:3.1/AV:N/AC:L/PR:N/UI:N/S:U/C:L/I:N/A:N,5.0 MEDIUM,(AV:N/AC:L/Au:N/C:P/I:N/A:N)
CVE-2017-0143,8.1 HIGH,CVSS:3.0/AV:N/AC:H/PR:N/UI:N/S:U/C:H/I:H/A:H,9.3 HIGH,(AV:N/AC:M/Au:N/C:C/I:C/A:C)
CVE-2019-1322,7.8 HIGH,CVSS:3.1/AV:L/AC:L/PR:L/UI:N/S:U/C:H/I:H/A:H,4.6 MEDIUM,(AV:L/AC:L/Au:N/C:P/I:P/A:P)
CVE-2017-12232,6.5 MEDIUM,CVSS:3.0/AV:A/AC:L/PR:N/UI:N/S:U/C:N/I:N/A:H,6.1 MEDIUM,(AV:A/AC:L/Au:N/C:N/I:N/A:C)
CVE-2019-17558,7.5 HIGH,CVSS:3.1/AV:N/AC:H/PR:L/UI:N/S:U/C:H/I:H/A:H,4.6 MEDIUM,(AV:N/AC:H/Au:S/C:P/I:P/A:P)
CVE-2018-20250,7.8 HIGH,CVSS:3.0/AV:L/AC:L/PR:N/UI:R/S:U/C:H/I:H/A:H,6.8 MEDIUM,(AV:N/AC:M/Au:N/C:P/I:P/A:P)
CVE-2020-0069,7.8 HIGH,CVSS:3.1/AV:L/AC:L/PR:L/UI:N/S:U/C:H/I:H/A:H,7.2 HIGH,(AV:L/AC:L/Au:N/C:C/I:C/A:C)
CVE-2021-26085,5.3 MEDIUM,CVSS:3.1/AV:N/AC:L/PR:N/UI:N/S:U/C:L/I:N/A:N,5.0 MEDIUM,(AV:N/AC:L/Au:N/C:P/I:N/A:N)
CVE-2021-25296,8.8 HIGH,CVSS:3.1/AV:N/AC:L/PR:L/UI:N/S:U/C:H/I:H/A:H,9.0 HIGH,(AV:N/AC:L/Au:S/C:C/I:C/A:C)
CVE-2016-6366,8.8 HIGH,CVSS:3.0/AV:N/AC:L/PR:L/UI:N/S:U/C:H/I:H/A:H,8.5 HIGH,(AV:N/AC:M/Au:S/C:C/I:C/A:C)
CVE-2012-0151,N/A,N/A,9.3 HIGH,(AV:N/AC:M/Au:N/C:C/I:C/A:C)
CVE-2017-5030,8.8 HIGH,CVSS:3.1/AV:N/AC:L/PR:N/UI:R/S:U/C:H/I:H/A:H,6.8 MEDIUM,(AV:N/AC:M/Au:N/C:P/I:P/A:P)
CVE-2009-0557,N/A,N/A,9.3 HIGH,(AV:N/AC:M/Au:N/C:C/I:C/A:C)
CVE-2013-7331,N/A,N/A,4.3 MEDIUM,(AV:N/AC:M/Au:N/C:P/I:N/A:N)
CVE-2015-1701,N/A,N/A,7.2 HIGH,(AV:L/AC:L/Au:N/C:C/I:C/A:C)
CVE-2022-0847,7.8 HIGH,CVSS:3.1/AV:L/AC:L/PR:L/UI:N/S:U/C:H/I:H/A:H,7.2 HIGH,(AV:L/AC:L/Au:N/C:C/I:C/A:C)
CVE-2021-41379,7.8 HIGH,CVSS:3.1/AV:L/AC:L/PR:L/UI:N/S:U/C:H/I:H/A:H,4.6 MEDIUM,(AV:L/AC:L/Au:N/C:P/I:P/A:P)
CVE-2016-9563,6.5 MEDIUM,CVSS:3.1/AV:N/AC:L/PR:L/UI:N/S:U/C:H/I:N/A:N,4.0 MEDIUM,(AV:N/AC:L/Au:S/C:P/I:N/A:N)
CVE-2019-2616,7.2 HIGH,CVSS:3.0/AV:N/AC:L/PR:N/UI:N/S:C/C:L/I:L/A:N,6.4 MEDIUM,(AV:N/AC:L/Au:N/C:P/I:P/A:N)
CVE-2021-40450,7.8 HIGH,CVSS:3.1/AV:L/AC:L/PR:L/UI:N/S:U/C:H/I:H/A:H,4.6 MEDIUM,(AV:L/AC:L/Au:N/C:P/I:P/A:P)
CVE-2016-4437,8.1 HIGH,CVSS:3.0/AV:N/AC:H/PR:N/UI:N/S:U/C:H/I:H/A:H,6.8 MEDIUM,(AV:N/AC:M/Au:N/C:P/I:P/A:P)
CVE-2021-28664,8.8 HIGH,CVSS:3.1/AV:N/AC:L/PR:L/UI:N/S:U/C:H/I:H/A:H,9.0 HIGH,(AV:N/AC:L/Au:S/C:C/I:C/A:C)
CVE-2013-3346,N/A,N/A,10.0 HIGH,(AV:N/AC:L/Au:N/C:C/I:C/A:C)
CVE-2017-0146,8.1 HIGH,CVSS:3.0/AV:N/AC:H/PR:N/UI:N/S:U/C:H/I:H/A:H,9.3 HIGH,(AV:N/AC:M/Au:N/C:C/I:C/A:C)
CVE-2021-20016,9.8 CRITICAL,CVSS:3.1/AV:N/AC:L/PR:N/UI:N/S:U/C:H/I:H/A:H,7.5 HIGH,(AV:N/AC:L/Au:N/C:P/I:P/A:P)
CVE-2016-0040,7.8 HIGH,CVSS:3.0/AV:L/AC:L/PR:L/UI:N/S:U/C:H/I:H/A:H,7.2 HIGH,(AV:L/AC:L/Au:N/C:C/I:C/A:C)
CVE-2018-8581,7.4 HIGH,CVSS:3.1/AV:N/AC:H/PR:N/UI:N/S:U/C:H/I:H/A:N,5.8 MEDIUM,(AV:N/AC:M/Au:N/C:P/I:P/A:N)
CVE-2022-1040,9.8 CRITICAL,N/A,7.5 HIGH,(AV:N/AC:L/Au:N/C:P/I:P/A:P)
CVE-2015-2426,N/A,N/A,9.3 HIGH,(AV:N/AC:M/Au:N/C:C/I:C/A:C)
CVE-2017-0213,4.7 MEDIUM,CVSS:3.0/AV:L/AC:H/PR:L/UI:N/S:U/C:N/I:H/A:N,1.9 LOW,(AV:L/AC:M/Au:N/C:N/I:P/A:N)
CVE-2016-1019,9.8 CRITICAL,CVSS:3.0/AV:N/AC:L/PR:N/UI:N/S:U/C:H/I:H/A:H,10.0 HIGH,(AV:N/AC:L/Au:N/C:C/I:C/A:C)
CVE-2020-11651,9.8 CRITICAL,CVSS:3.1/AV:N/AC:L/PR:N/UI:N/S:U/C:H/I:H/A:H,7.5 HIGH,(AV:N/AC:L/Au:N/C:P/I:P/A:P)
CVE-2022-20708,9.8 CRITICAL,CVSS:3.1/AV:N/AC:L/PR:N/UI:N/S:U/C:H/I:H/A:H,10.0 HIGH,(AV:N/AC:L/Au:N/C:C/I:C/A:C)
CVE-2014-6324,N/A,N/A,9.0 HIGH,(AV:N/AC:L/Au:S/C:C/I:C/A:C)
CVE-2014-0496,N/A,N/A,10.0 HIGH,(AV:N/AC:L/Au:N/C:C/I:C/A:C)
CVE-2019-10758,9.9 CRITICAL,CVSS:3.1/AV:N/AC:L/PR:L/UI:N/S:C/C:H/I:H/A:H,9.0 HIGH,(AV:N/AC:L/Au:S/C:C/I:C/A:C)
CVE-2020-9054,9.8 CRITICAL,CVSS:3.1/AV:N/AC:L/PR:N/UI:N/S:U/C:H/I:H/A:H,10.0 HIGH,(AV:N/AC:L/Au:N/C:C/I:C/A:C)
CVE-2021-30883,7.8 HIGH,CVSS:3.1/AV:L/AC:L/PR:N/UI:R/S:U/C:H/I:H/A:H,9.3 HIGH,(AV:N/AC:M/Au:N/C:C/I:C/A:C)
CVE-2014-6271,9.8 CRITICAL,CVSS:3.1/AV:N/AC:L/PR:N/UI:N/S:U/C:H/I:H/A:H,10.0 HIGH,(AV:N/AC:L/Au:N/C:C/I:C/A:C)
CVE-2021-25297,8.8 HIGH,CVSS:3.1/AV:N/AC:L/PR:L/UI:N/S:U/C:H/I:H/A:H,9.0 HIGH,(AV:N/AC:L/Au:S/C:C/I:C/A:C)
CVE-2018-7841,9.8 CRITICAL,CVSS:3.0/AV:N/AC:L/PR:N/UI:N/S:U/C:H/I:H/A:H,7.5 HIGH,(AV:N/AC:L/Au:N/C:P/I:P/A:P)
CVE-2017-8570,7.8 HIGH,CVSS:3.0/AV:L/AC:L/PR:N/UI:R/S:U/C:H/I:H/A:H,9.3 HIGH,(AV:N/AC:M/Au:N/C:C/I:C/A:C)
CVE-2021-27852,9.8 CRITICAL,N/A,7.5 HIGH,(AV:N/AC:L/Au:N/C:P/I:P/A:P)
CVE-2022-22675,7.8 HIGH,CVSS:3.1/AV:L/AC:L/PR:N/UI:R/S:U/C:H/I:H/A:H,9.3 HIGH,(AV:N/AC:M/Au:N/C:C/I:C/A:C)
CVE-2016-0752,7.5 HIGH,CVSS:3.0/AV:N/AC:L/PR:N/UI:N/S:U/C:H/I:N/A:N,5.0 MEDIUM,(AV:N/AC:L/Au:N/C:P/I:N/A:N)
CVE-2016-0185,7.8 HIGH,CVSS:3.0/AV:L/AC:L/PR:N/UI:R/S:U/C:H/I:H/A:H,9.3 HIGH,(AV:N/AC:M/Au:N/C:C/I:C/A:C)
CVE-2013-3993,N/A,N/A,3.5 LOW,(AV:N/AC:M/Au:S/C:P/I:N/A:N)
CVE-2021-1675,8.8 HIGH,CVSS:3.1/AV:N/AC:L/PR:N/UI:R/S:U/C:H/I:H/A:H,9.3 HIGH,(AV:N/AC:M/Au:N/C:C/I:C/A:C)
CVE-2022-31460,7.4 HIGH,N/A,3.3 LOW,(AV:A/AC:L/Au:N/C:N/I:P/A:N)
CVE-2021-36955,7.8 HIGH,CVSS:3.1/AV:L/AC:L/PR:L/UI:N/S:U/C:H/I:H/A:H,4.6 MEDIUM,(AV:L/AC:L/Au:N/C:P/I:P/A:P)
CVE-2019-3398,8.8 HIGH,CVSS:3.1/AV:N/AC:L/PR:L/UI:N/S:U/C:H/I:H/A:H,9.0 HIGH,(AV:N/AC:L/Au:S/C:C/I:C/A:C)
CVE-2020-25223,9.8 CRITICAL,CVSS:3.1/AV:N/AC:L/PR:N/UI:N/S:U/C:H/I:H/A:H,10.0 HIGH,(AV:N/AC:L/Au:N/C:C/I:C/A:C)
CVE-2022-1364,8.8 HIGH,N/A,N/A,CVSS:3.1/AV:N/AC:L/PR:N/UI:R/S:U/C:H/I:H/A:H
CVE-2017-0144,8.1 HIGH,CVSS:3.0/AV:N/AC:H/PR:N/UI:N/S:U/C:H/I:H/A:H,9.3 HIGH,(AV:N/AC:M/Au:N/C:C/I:C/A:C)
CVE-2022-21882,7.8 HIGH,CVSS:3.1/AV:L/AC:L/PR:L/UI:N/S:U/C:H/I:H/A:H,7.2 HIGH,(AV:L/AC:L/Au:N/C:C/I:C/A:C)
CVE-2018-0171,9.8 CRITICAL,CVSS:3.1/AV:N/AC:L/PR:N/UI:N/S:U/C:H/I:H/A:H,10.0 HIGH,(AV:N/AC:L/Au:N/C:C/I:C/A:C)
CVE-2014-6287,9.8 CRITICAL,CVSS:3.1/AV:N/AC:L/PR:N/UI:N/S:U/C:H/I:H/A:H,10.0 HIGH,(AV:N/AC:L/Au:N/C:C/I:C/A:C)
CVE-2021-38648,7.8 HIGH,CVSS:3.1/AV:L/AC:L/PR:L/UI:N/S:U/C:H/I:H/A:H,4.6 MEDIUM,(AV:L/AC:L/Au:N/C:P/I:P/A:P)
CVE-2007-3010,N/A,N/A,10.0 HIGH,(AV:N/AC:L/Au:N/C:C/I:C/A:C)
CVE-2016-4655,5.5 MEDIUM,CVSS:3.0/AV:L/AC:L/PR:N/UI:R/S:U/C:H/I:N/A:N,7.1 HIGH,(AV:N/AC:M/Au:N/C:C/I:N/A:N)
CVE-2009-3129,N/A,N/A,9.3 HIGH,(AV:N/AC:M/Au:N/C:C/I:C/A:C)
CVE-2019-1429,7.5 HIGH,CVSS:3.1/AV:N/AC:H/PR:N/UI:R/S:U/C:H/I:H/A:H,7.6 HIGH,(AV:N/AC:H/Au:N/C:C/I:C/A:C)
CVE-2010-5330,9.8 CRITICAL,CVSS:3.0/AV:N/AC:L/PR:N/UI:N/S:U/C:H/I:H/A:H,5.0 MEDIUM,(AV:N/AC:L/Au:N/C:P/I:N/A:N)
CVE-2013-0629,N/A,N/A,4.3 MEDIUM,(AV:N/AC:M/Au:N/C:P/I:N/A:N)
CVE-2019-3010,8.8 HIGH,CVSS:3.1/AV:L/AC:L/PR:L/UI:N/S:C/C:H/I:H/A:H,4.6 MEDIUM,(AV:L/AC:L/Au:N/C:P/I:P/A:P)
CVE-2013-0631,N/A,N/A,5.0 MEDIUM,(AV:N/AC:L/Au:N/C:P/I:N/A:N)
CVE-2022-1388,9.8 CRITICAL,N/A,7.5 HIGH,(AV:N/AC:L/Au:N/C:P/I:P/A:P)
CVE-2021-4034,7.8 HIGH,CVSS:3.1/AV:L/AC:L/PR:L/UI:N/S:U/C:H/I:H/A:H,7.2 HIGH,(AV:L/AC:L/Au:N/C:C/I:C/A:C)
CVE-2020-1020,8.8 HIGH,CVSS:3.1/AV:N/AC:L/PR:N/UI:R/S:U/C:H/I:H/A:H,6.8 MEDIUM,(AV:N/AC:M/Au:N/C:P/I:P/A:P)
CVE-2018-6065,8.8 HIGH,CVSS:3.0/AV:N/AC:L/PR:N/UI:R/S:U/C:H/I:H/A:H,6.8 MEDIUM,(AV:N/AC:M/Au:N/C:P/I:P/A:P)
CVE-2019-1458,7.8 HIGH,CVSS:3.1/AV:L/AC:L/PR:L/UI:N/S:U/C:H/I:H/A:H,7.2 HIGH,(AV:L/AC:L/Au:N/C:C/I:C/A:C)
CVE-2019-7195,9.8 CRITICAL,CVSS:3.1/AV:N/AC:L/PR:N/UI:N/S:U/C:H/I:H/A:H,7.5 HIGH,(AV:N/AC:L/Au:N/C:P/I:P/A:P)
CVE-2018-8174,7.5 HIGH,CVSS:3.0/AV:N/AC:H/PR:N/UI:R/S:U/C:H/I:H/A:H,7.6 HIGH,(AV:N/AC:H/Au:N/C:C/I:C/A:C)
CVE-2017-10271,7.5 HIGH,CVSS:3.0/AV:N/AC:L/PR:N/UI:N/S:U/C:N/I:N/A:H,5.0 MEDIUM,(AV:N/AC:L/Au:N/C:N/I:N/A:P)
CVE-2019-0808,7.8 HIGH,CVSS:3.0/AV:L/AC:L/PR:L/UI:N/S:U/C:H/I:H/A:H,7.2 HIGH,(AV:L/AC:L/Au:N/C:C/I:C/A:C)
CVE-2015-0311,N/A,N/A,10.0 HIGH,(AV:N/AC:L/Au:N/C:C/I:C/A:C)
CVE-2018-1000861,9.8 CRITICAL,CVSS:3.1/AV:N/AC:L/PR:N/UI:N/S:U/C:H/I:H/A:H,10.0 HIGH,(AV:N/AC:L/Au:N/C:C/I:C/A:C)
CVE-2010-1871,N/A,N/A,6.8 MEDIUM,(AV:N/AC:M/Au:N/C:P/I:P/A:P)
CVE-2021-22986,9.8 CRITICAL,CVSS:3.1/AV:N/AC:L/PR:N/UI:N/S:U/C:H/I:H/A:H,10.0 HIGH,(AV:N/AC:L/Au:N/C:C/I:C/A:C)
CVE-2013-0625,N/A,N/A,6.8 MEDIUM,(AV:N/AC:M/Au:N/C:P/I:P/A:P)
CVE-2019-13272,7.8 HIGH,CVSS:3.1/AV:L/AC:L/PR:L/UI:N/S:U/C:H/I:H/A:H,7.2 HIGH,(AV:L/AC:L/Au:N/C:C/I:C/A:C)
CVE-2017-9805,8.1 HIGH,CVSS:3.0/AV:N/AC:H/PR:N/UI:N/S:U/C:H/I:H/A:H,6.8 MEDIUM,(AV:N/AC:M/Au:N/C:P/I:P/A:P)
CVE-2019-3929,9.8 CRITICAL,CVSS:3.1/AV:N/AC:L/PR:N/UI:N/S:U/C:H/I:H/A:H,10.0 HIGH,(AV:N/AC:L/Au:N/C:C/I:C/A:C)
CVE-2020-4427,9.8 CRITICAL,CVSS:3.1/AV:N/AC:L/PR:N/UI:N/S:U/C:H/I:H/A:H,9.0 HIGH,(AV:N/AC:L/Au:S/C:C/I:C/A:C)
CVE-2021-22502,9.8 CRITICAL,CVSS:3.1/AV:N/AC:L/PR:N/UI:N/S:U/C:H/I:H/A:H,10.0 HIGH,(AV:N/AC:L/Au:N/C:C/I:C/A:C)
CVE-2019-1003030,9.9 CRITICAL,CVSS:3.1/AV:N/AC:L/PR:L/UI:N/S:C/C:H/I:H/A:H,6.5 MEDIUM,(AV:N/AC:L/Au:S/C:P/I:P/A:P)
CVE-2016-3643,7.8 HIGH,CVSS:3.0/AV:L/AC:L/PR:L/UI:N/S:U/C:H/I:H/A:H,7.2 HIGH,(AV:L/AC:L/Au:N/C:C/I:C/A:C)
CVE-2022-23134,5.3 MEDIUM,CVSS:3.1/AV:N/AC:L/PR:N/UI:N/S:U/C:N/I:L/A:N,5.0 MEDIUM,(AV:N/AC:L/Au:N/C:N/I:P/A:N)
CVE-2015-2590,N/A,N/A,10.0 HIGH,(AV:N/AC:L/Au:N/C:C/I:C/A:C)
CVE-2021-22991,9.8 CRITICAL,CVSS:3.1/AV:N/AC:L/PR:N/UI:N/S:U/C:H/I:H/A:H,6.8 MEDIUM,(AV:N/AC:M/Au:N/C:P/I:P/A:P)
CVE-2018-0159,7.5 HIGH,CVSS:3.0/AV:N/AC:L/PR:N/UI:N/S:U/C:N/I:N/A:H,7.8 HIGH,(AV:N/AC:L/Au:N/C:N/I:N/A:C)
CVE-2021-30633,9.6 CRITICAL,CVSS:3.1/AV:N/AC:L/PR:N/UI:R/S:C/C:H/I:H/A:H,6.8 MEDIUM,(AV:N/AC:M/Au:N/C:P/I:P/A:P)
CVE-2017-11774,7.8 HIGH,CVSS:3.0/AV:L/AC:L/PR:N/UI:R/S:U/C:H/I:H/A:H,6.8 MEDIUM,(AV:N/AC:M/Au:N/C:P/I:P/A:P)
CVE-2017-0199,7.8 HIGH,CVSS:3.0/AV:L/AC:L/PR:N/UI:R/S:U/C:H/I:H/A:H,9.3 HIGH,(AV:N/AC:M/Au:N/C:C/I:C/A:C)
CVE-2015-0016,N/A,N/A,9.3 HIGH,(AV:N/AC:M/Au:N/C:C/I:C/A:C)
CVE-2019-7609,10.0 CRITICAL,CVSS:3.1/AV:N/AC:L/PR:N/UI:N/S:C/C:H/I:H/A:H,10.0 HIGH,(AV:N/AC:L/Au:N/C:C/I:C/A:C)
CVE-2015-2387,N/A,N/A,7.2 HIGH,(AV:L/AC:L/Au:N/C:C/I:C/A:C)
CVE-2020-1380,7.5 HIGH,CVSS:3.1/AV:N/AC:H/PR:N/UI:R/S:U/C:H/I:H/A:H,7.6 HIGH,(AV:N/AC:H/Au:N/C:C/I:C/A:C)
CVE-2016-7193,7.8 HIGH,CVSS:3.0/AV:L/AC:L/PR:N/UI:R/S:U/C:H/I:H/A:H,9.3 HIGH,(AV:N/AC:M/Au:N/C:C/I:C/A:C)
CVE-2021-31956,7.8 HIGH,CVSS:3.1/AV:L/AC:L/PR:N/UI:R/S:U/C:H/I:H/A:H,9.3 HIGH,(AV:N/AC:M/Au:N/C:C/I:C/A:C)
CVE-2019-6223,7.5 HIGH,CVSS:3.0/AV:N/AC:L/PR:N/UI:N/S:U/C:H/I:N/A:N,5.0 MEDIUM,(AV:N/AC:L/Au:N/C:P/I:N/A:N)
CVE-2020-1054,7.8 HIGH,CVSS:3.1/AV:L/AC:L/PR:L/UI:N/S:U/C:H/I:H/A:H,7.2 HIGH,(AV:L/AC:L/Au:N/C:C/I:C/A:C)
CVE-2021-38163,8.8 HIGH,CVSS:3.1/AV:N/AC:L/PR:L/UI:N/S:U/C:H/I:H/A:H,9.0 HIGH,(AV:N/AC:L/Au:S/C:C/I:C/A:C)
CVE-2020-5722,9.8 CRITICAL,CVSS:3.1/AV:N/AC:L/PR:N/UI:N/S:U/C:H/I:H/A:H,10.0 HIGH,(AV:N/AC:L/Au:N/C:C/I:C/A:C)
CVE-2021-21985,9.8 CRITICAL,CVSS:3.1/AV:N/AC:L/PR:N/UI:N/S:U/C:H/I:H/A:H,10.0 HIGH,(AV:N/AC:L/Au:N/C:C/I:C/A:C)
CVE-2021-30657,5.5 MEDIUM,CVSS:3.1/AV:L/AC:L/PR:N/UI:R/S:U/C:N/I:H/A:N,4.3 MEDIUM,(AV:N/AC:M/Au:N/C:N/I:P/A:N)
CVE-2021-20028,9.8 CRITICAL,CVSS:3.1/AV:N/AC:L/PR:N/UI:N/S:U/C:H/I:H/A:H,7.5 HIGH,(AV:N/AC:L/Au:N/C:P/I:P/A:P)
CVE-2020-8243,7.2 HIGH,CVSS:3.1/AV:N/AC:L/PR:H/UI:N/S:U/C:H/I:H/A:H,6.5 MEDIUM,(AV:N/AC:L/Au:S/C:P/I:P/A:P)
CVE-2017-9822,8.8 HIGH,CVSS:3.1/AV:N/AC:L/PR:L/UI:N/S:U/C:H/I:H/A:H,6.5 MEDIUM,(AV:N/AC:L/Au:S/C:P/I:P/A:P)
CVE-2022-30525,9.8 CRITICAL,N/A,10.0 HIGH,(AV:N/AC:L/Au:N/C:C/I:C/A:C)
CVE-2017-0222,7.5 HIGH,CVSS:3.0/AV:N/AC:H/PR:N/UI:R/S:U/C:H/I:H/A:H,7.6 HIGH,(AV:N/AC:H/Au:N/C:C/I:C/A:C)
CVE-2020-8260,7.2 HIGH,CVSS:3.1/AV:N/AC:L/PR:H/UI:N/S:U/C:H/I:H/A:H,6.5 MEDIUM,(AV:N/AC:L/Au:S/C:P/I:P/A:P)
CVE-2021-34484,7.8 HIGH,CVSS:3.1/AV:L/AC:L/PR:L/UI:N/S:U/C:H/I:H/A:H,4.6 MEDIUM,(AV:L/AC:L/Au:N/C:P/I:P/A:P)
CVE-2009-4324,N/A,N/A,9.3 HIGH,(AV:N/AC:M/Au:N/C:C/I:C/A:C)
CVE-2021-32648,9.1 CRITICAL,CVSS:3.1/AV:N/AC:L/PR:N/UI:N/S:U/C:H/I:H/A:N,6.4 MEDIUM,(AV:N/AC:L/Au:N/C:P/I:P/A:N)
CVE-2016-5198,8.8 HIGH,CVSS:3.0/AV:N/AC:L/PR:N/UI:R/S:U/C:H/I:H/A:H,6.8 MEDIUM,(AV:N/AC:M/Au:N/C:P/I:P/A:P)
CVE-2016-1010,9.8 CRITICAL,CVSS:3.0/AV:N/AC:L/PR:N/UI:N/S:U/C:H/I:H/A:H,10.0 HIGH,(AV:N/AC:L/Au:N/C:C/I:C/A:C)
CVE-2021-26411,7.5 HIGH,CVSS:3.1/AV:N/AC:H/PR:N/UI:R/S:U/C:H/I:H/A:H,5.1 MEDIUM,(AV:N/AC:H/Au:N/C:P/I:P/A:P)
CVE-2016-3393,7.8 HIGH,CVSS:3.0/AV:L/AC:L/PR:N/UI:R/S:U/C:H/I:H/A:H,9.3 HIGH,(AV:N/AC:M/Au:N/C:C/I:C/A:C)
CVE-2017-6740,8.8 HIGH,CVSS:3.0/AV:N/AC:L/PR:L/UI:N/S:U/C:H/I:H/A:H,9.0 HIGH,(AV:N/AC:L/Au:S/C:C/I:C/A:C)
CVE-2020-2555,9.8 CRITICAL,CVSS:3.1/AV:N/AC:L/PR:N/UI:N/S:U/C:H/I:H/A:H,7.5 HIGH,(AV:N/AC:L/Au:N/C:P/I:P/A:P)
CVE-2011-1889,N/A,N/A,10.0 HIGH,(AV:N/AC:L/Au:N/C:C/I:C/A:C)
CVE-2008-0655,N/A,N/A,9.3 HIGH,(AV:N/AC:M/Au:N/C:C/I:C/A:C)
CVE-2014-7169,N/A,N/A,10.0 HIGH,(AV:N/AC:L/Au:N/C:C/I:C/A:C)
CVE-2016-2386,9.8 CRITICAL,CVSS:3.1/AV:N/AC:L/PR:N/UI:N/S:U/C:H/I:H/A:H,7.5 HIGH,(AV:N/AC:L/Au:N/C:P/I:P/A:P)
CVE-2020-5849,7.5 HIGH,CVSS:3.1/AV:N/AC:L/PR:N/UI:N/S:U/C:H/I:N/A:N,5.0 MEDIUM,(AV:N/AC:L/Au:N/C:P/I:N/A:N)
CVE-2016-3298,5.3 MEDIUM,CVSS:3.0/AV:N/AC:H/PR:N/UI:R/S:U/C:H/I:N/A:N,2.6 LOW,(AV:N/AC:H/Au:N/C:P/I:N/A:N)
CVE-2020-6207,9.8 CRITICAL,CVSS:3.1/AV:N/AC:L/PR:N/UI:N/S:U/C:H/I:H/A:H,10.0 HIGH,(AV:N/AC:L/Au:N/C:C/I:C/A:C)
CVE-2016-1646,8.8 HIGH,CVSS:3.0/AV:N/AC:L/PR:N/UI:R/S:U/C:H/I:H/A:H,9.3 HIGH,(AV:N/AC:M/Au:N/C:C/I:C/A:C)
CVE-2020-25213,9.8 CRITICAL,CVSS:3.1/AV:N/AC:L/PR:N/UI:N/S:U/C:H/I:H/A:H,7.5 HIGH,(AV:N/AC:L/Au:N/C:P/I:P/A:P)
CVE-2020-3950,7.8 HIGH,CVSS:3.1/AV:L/AC:L/PR:L/UI:N/S:U/C:H/I:H/A:H,7.2 HIGH,(AV:L/AC:L/Au:N/C:C/I:C/A:C)
CVE-2021-30116,9.8 CRITICAL,CVSS:3.1/AV:N/AC:L/PR:N/UI:N/S:U/C:H/I:H/A:H,7.5 HIGH,(AV:N/AC:L/Au:N/C:P/I:P/A:P)
CVE-2017-12234,7.5 HIGH,CVSS:3.0/AV:N/AC:L/PR:N/UI:N/S:U/C:N/I:N/A:H,7.8 HIGH,(AV:N/AC:L/Au:N/C:N/I:N/A:C)
CVE-2019-7238,9.8 CRITICAL,CVSS:3.0/AV:N/AC:L/PR:N/UI:N/S:U/C:H/I:H/A:H,7.5 HIGH,(AV:N/AC:L/Au:N/C:P/I:P/A:P)
CVE-2017-18362,9.8 CRITICAL,CVSS:3.0/AV:N/AC:L/PR:N/UI:N/S:U/C:H/I:H/A:H,7.5 HIGH,(AV:N/AC:L/Au:N/C:P/I:P/A:P)
CVE-2020-0938,7.8 HIGH,CVSS:3.1/AV:L/AC:L/PR:N/UI:R/S:U/C:H/I:H/A:H,6.8 MEDIUM,(AV:N/AC:M/Au:N/C:P/I:P/A:P)
CVE-2017-12319,5.9 MEDIUM,CVSS:3.0/AV:N/AC:H/PR:N/UI:N/S:U/C:N/I:N/A:H,7.1 HIGH,(AV:N/AC:M/Au:N/C:N/I:N/A:C)
CVE-2021-37415,9.8 CRITICAL,CVSS:3.1/AV:N/AC:L/PR:N/UI:N/S:U/C:H/I:H/A:H,7.5 HIGH,(AV:N/AC:L/Au:N/C:P/I:P/A:P)
CVE-2013-1347,N/A,N/A,9.3 HIGH,(AV:N/AC:M/Au:N/C:C/I:C/A:C)
CVE-2018-0167,8.8 HIGH,CVSS:3.0/AV:A/AC:L/PR:N/UI:N/S:U/C:H/I:H/A:H,8.3 HIGH,(AV:A/AC:L/Au:N/C:C/I:C/A:C)
CVE-2020-14750,9.8 CRITICAL,N/A,7.5 HIGH,(AV:N/AC:L/Au:N/C:P/I:P/A:P)
CVE-2021-30983,7.8 HIGH,CVSS:3.1/AV:L/AC:L/PR:N/UI:R/S:U/C:H/I:H/A:H,9.3 HIGH,(AV:N/AC:M/Au:N/C:C/I:C/A:C)
CVE-2016-6367,7.8 HIGH,CVSS:3.0/AV:L/AC:L/PR:L/UI:N/S:U/C:H/I:H/A:H,6.8 MEDIUM,(AV:L/AC:L/Au:S/C:C/I:C/A:C)
CVE-2012-1823,N/A,N/A,7.5 HIGH,(AV:N/AC:L/Au:N/C:P/I:P/A:P)
CVE-2019-11539,7.2 HIGH,CVSS:3.0/AV:N/AC:L/PR:H/UI:N/S:U/C:H/I:H/A:H,6.5 MEDIUM,(AV:N/AC:L/Au:S/C:P/I:P/A:P)
CVE-2018-0798,8.8 HIGH,CVSS:3.0/AV:N/AC:L/PR:N/UI:R/S:U/C:H/I:H/A:H,9.3 HIGH,(AV:N/AC:M/Au:N/C:C/I:C/A:C)
CVE-2019-1003029,9.9 CRITICAL,CVSS:3.1/AV:N/AC:L/PR:L/UI:N/S:C/C:H/I:H/A:H,6.5 MEDIUM,(AV:N/AC:L/Au:S/C:P/I:P/A:P)
CVE-2010-3035,N/A,N/A,5.0 MEDIUM,(AV:N/AC:L/Au:N/C:N/I:N/A:P)
CVE-2019-7194,9.8 CRITICAL,CVSS:3.1/AV:N/AC:L/PR:N/UI:N/S:U/C:H/I:H/A:H,7.5 HIGH,(AV:N/AC:L/Au:N/C:P/I:P/A:P)
CVE-2022-26871,9.8 CRITICAL,CVSS:3.1/AV:N/AC:L/PR:N/UI:N/S:U/C:H/I:H/A:H,7.5 HIGH,(AV:N/AC:L/Au:N/C:P/I:P/A:P)
CVE-2021-45382,9.8 CRITICAL,CVSS:3.1/AV:N/AC:L/PR:N/UI:N/S:U/C:H/I:H/A:H,10.0 HIGH,(AV:N/AC:L/Au:N/C:C/I:C/A:C)
CVE-2014-3120,N/A,N/A,6.8 MEDIUM,(AV:N/AC:M/Au:N/C:P/I:P/A:P)
CVE-2019-1297,8.8 HIGH,CVSS:3.1/AV:N/AC:L/PR:N/UI:R/S:U/C:H/I:H/A:H,9.3 HIGH,(AV:N/AC:M/Au:N/C:C/I:C/A:C)
CVE-2019-9670,9.8 CRITICAL,CVSS:3.0/AV:N/AC:L/PR:N/UI:N/S:U/C:H/I:H/A:H,7.5 HIGH,(AV:N/AC:L/Au:N/C:P/I:P/A:P)
CVE-2017-0147,5.9 MEDIUM,CVSS:3.0/AV:N/AC:H/PR:N/UI:N/S:U/C:H/I:N/A:N,4.3 MEDIUM,(AV:N/AC:M/Au:N/C:P/I:N/A:N)
CVE-2021-30762,8.8 HIGH,CVSS:3.1/AV:N/AC:L/PR:N/UI:R/S:U/C:H/I:H/A:H,6.8 MEDIUM,(AV:N/AC:M/Au:N/C:P/I:P/A:P)
CVE-2021-34448,8.8 HIGH,CVSS:3.1/AV:N/AC:L/PR:N/UI:R/S:U/C:H/I:H/A:H,9.3 HIGH,(AV:N/AC:M/Au:N/C:C/I:C/A:C)
CVE-2018-18325,7.5 HIGH,CVSS:3.0/AV:N/AC:L/PR:N/UI:N/S:U/C:H/I:N/A:N,5.0 MEDIUM,(AV:N/AC:L/Au:N/C:P/I:N/A:N)
CVE-2020-3566,7.5 HIGH,CVSS:3.1/AV:N/AC:L/PR:N/UI:N/S:U/C:N/I:N/A:H,7.8 HIGH,(AV:N/AC:L/Au:N/C:N/I:N/A:C)
CVE-2022-22674,5.5 MEDIUM,CVSS:3.1/AV:L/AC:L/PR:L/UI:N/S:U/C:H/I:N/A:N,4.9 MEDIUM,(AV:L/AC:L/Au:N/C:C/I:N/A:N)
CVE-2017-9248,9.8 CRITICAL,CVSS:3.0/AV:N/AC:L/PR:N/UI:N/S:U/C:H/I:H/A:H,7.5 HIGH,(AV:N/AC:L/Au:N/C:P/I:P/A:P)
CVE-2017-0037,8.1 HIGH,CVSS:3.0/AV:N/AC:H/PR:N/UI:N/S:U/C:H/I:H/A:H,7.6 HIGH,(AV:N/AC:H/Au:N/C:C/I:C/A:C)
CVE-2020-8218,7.2 HIGH,CVSS:3.1/AV:N/AC:L/PR:H/UI:N/S:U/C:H/I:H/A:H,6.5 MEDIUM,(AV:N/AC:L/Au:S/C:P/I:P/A:P)
CVE-2020-3569,7.5 HIGH,CVSS:3.1/AV:N/AC:L/PR:N/UI:N/S:U/C:N/I:N/A:H,5.0 MEDIUM,(AV:N/AC:L/Au:N/C:N/I:N/A:P)
CVE-2019-3396,9.8 CRITICAL,CVSS:3.1/AV:N/AC:L/PR:N/UI:N/S:U/C:H/I:H/A:H,10.0 HIGH,(AV:N/AC:L/Au:N/C:C/I:C/A:C)
CVE-2017-6739,8.8 HIGH,CVSS:3.0/AV:N/AC:L/PR:L/UI:N/S:U/C:H/I:H/A:H,9.0 HIGH,(AV:N/AC:L/Au:S/C:C/I:C/A:C)
CVE-2021-42013,9.8 CRITICAL,CVSS:3.1/AV:N/AC:L/PR:N/UI:N/S:U/C:H/I:H/A:H,7.5 HIGH,(AV:N/AC:L/Au:N/C:P/I:P/A:P)
CVE-2022-20700,9.8 CRITICAL,CVSS:3.1/AV:N/AC:L/PR:N/UI:N/S:U/C:H/I:H/A:H,10.0 HIGH,(AV:N/AC:L/Au:N/C:C/I:C/A:C)
CVE-2021-34527,8.8 HIGH,CVSS:3.1/AV:N/AC:L/PR:L/UI:N/S:U/C:H/I:H/A:H,9.0 HIGH,(AV:N/AC:L/Au:S/C:C/I:C/A:C)
CVE-2021-42287,8.8 HIGH,CVSS:3.1/AV:N/AC:L/PR:L/UI:N/S:U/C:H/I:H/A:H,6.5 MEDIUM,(AV:N/AC:L/Au:S/C:P/I:P/A:P)
CVE-2019-1315,7.8 HIGH,CVSS:3.1/AV:L/AC:L/PR:L/UI:N/S:U/C:H/I:H/A:H,7.2 HIGH,(AV:L/AC:L/Au:N/C:C/I:C/A:C)
CVE-2002-0367,N/A,N/A,7.2 HIGH,(AV:L/AC:L/Au:N/C:C/I:C/A:C)
CVE-2021-38646,7.8 HIGH,CVSS:3.1/AV:L/AC:L/PR:N/UI:R/S:U/C:H/I:H/A:H,6.8 MEDIUM,(AV:N/AC:M/Au:N/C:P/I:P/A:P)
CVE-2015-2419,N/A,N/A,9.3 HIGH,(AV:N/AC:M/Au:N/C:C/I:C/A:C)
CVE-2017-7269,9.8 CRITICAL,CVSS:3.0/AV:N/AC:L/PR:N/UI:N/S:U/C:H/I:H/A:H,10.0 HIGH,(AV:N/AC:L/Au:N/C:C/I:C/A:C)
CVE-2022-22965,9.8 CRITICAL,CVSS:3.1/AV:N/AC:L/PR:N/UI:N/S:U/C:H/I:H/A:H,7.5 HIGH,(AV:N/AC:L/Au:N/C:P/I:P/A:P)
CVE-2020-5135,9.8 CRITICAL,CVSS:3.1/AV:N/AC:L/PR:N/UI:N/S:U/C:H/I:H/A:H,7.5 HIGH,(AV:N/AC:L/Au:N/C:P/I:P/A:P)
CVE-2022-0609,8.8 HIGH,CVSS:3.1/AV:N/AC:L/PR:N/UI:R/S:U/C:H/I:H/A:H,6.8 MEDIUM,(AV:N/AC:M/Au:N/C:P/I:P/A:P)
CVE-2019-0543,7.8 HIGH,CVSS:3.0/AV:L/AC:L/PR:L/UI:N/S:U/C:H/I:H/A:H,4.6 MEDIUM,(AV:L/AC:L/Au:N/C:P/I:P/A:P)
CVE-2022-29464,9.8 CRITICAL,N/A,10.0 HIGH,(AV:N/AC:L/Au:N/C:C/I:C/A:C)
CVE-2021-1498,9.8 CRITICAL,CVSS:3.1/AV:N/AC:L/PR:N/UI:N/S:U/C:H/I:H/A:H,7.5 HIGH,(AV:N/AC:L/Au:N/C:P/I:P/A:P)
CVE-2019-7481,7.5 HIGH,CVSS:3.1/AV:N/AC:L/PR:N/UI:N/S:U/C:H/I:N/A:N,5.0 MEDIUM,(AV:N/AC:L/Au:N/C:P/I:N/A:N)
CVE-2016-3235,7.8 HIGH,CVSS:3.0/AV:L/AC:L/PR:N/UI:R/S:U/C:H/I:H/A:H,9.3 HIGH,(AV:N/AC:M/Au:N/C:C/I:C/A:C)
CVE-2018-10561,9.8 CRITICAL,CVSS:3.0/AV:N/AC:L/PR:N/UI:N/S:U/C:H/I:H/A:H,7.5 HIGH,(AV:N/AC:L/Au:N/C:P/I:P/A:P)
CVE-2020-5847,9.8 CRITICAL,CVSS:3.1/AV:N/AC:L/PR:N/UI:N/S:U/C:H/I:H/A:H,10.0 HIGH,(AV:N/AC:L/Au:N/C:C/I:C/A:C)
CVE-2017-16651,7.8 HIGH,CVSS:3.1/AV:L/AC:L/PR:L/UI:N/S:U/C:H/I:H/A:H,4.6 MEDIUM,(AV:L/AC:L/Au:N/C:P/I:P/A:P)
CVE-2021-33771,7.8 HIGH,CVSS:3.1/AV:L/AC:L/PR:L/UI:N/S:U/C:H/I:H/A:H,7.2 HIGH,(AV:L/AC:L/Au:N/C:C/I:C/A:C)
CVE-2013-0074,N/A,N/A,9.3 HIGH,(AV:N/AC:M/Au:N/C:C/I:C/A:C)
CVE-2020-2506,9.8 CRITICAL,CVSS:3.1/AV:N/AC:L/PR:N/UI:N/S:U/C:H/I:H/A:H,7.5 HIGH,(AV:N/AC:L/Au:N/C:P/I:P/A:P)
CVE-2019-0880,7.8 HIGH,CVSS:3.0/AV:L/AC:L/PR:L/UI:N/S:U/C:H/I:H/A:H,4.6 MEDIUM,(AV:L/AC:L/Au:N/C:P/I:P/A:P)
CVE-2019-6340,8.1 HIGH,CVSS:3.0/AV:N/AC:H/PR:N/UI:N/S:U/C:H/I:H/A:H,6.8 MEDIUM,(AV:N/AC:M/Au:N/C:P/I:P/A:P)
CVE-2021-26857,7.8 HIGH,CVSS:3.1/AV:L/AC:L/PR:N/UI:R/S:U/C:H/I:H/A:H,6.8 MEDIUM,(AV:N/AC:M/Au:N/C:P/I:P/A:P)
CVE-2018-7602,9.8 CRITICAL,CVSS:3.1/AV:N/AC:L/PR:N/UI:N/S:U/C:H/I:H/A:H,7.5 HIGH,(AV:N/AC:L/Au:N/C:P/I:P/A:P)
CVE-2020-0986,7.8 HIGH,CVSS:3.1/AV:L/AC:L/PR:L/UI:N/S:U/C:H/I:H/A:H,7.2 HIGH,(AV:L/AC:L/Au:N/C:C/I:C/A:C)
CVE-2020-8193,6.5 MEDIUM,CVSS:3.1/AV:N/AC:L/PR:N/UI:N/S:U/C:L/I:L/A:N,5.0 MEDIUM,(AV:N/AC:L/Au:N/C:N/I:P/A:N)
CVE-2013-2251,N/A,N/A,9.3 HIGH,(AV:N/AC:M/Au:N/C:C/I:C/A:C)
CVE-2021-27561,9.8 CRITICAL,CVSS:3.1/AV:N/AC:L/PR:N/UI:N/S:U/C:H/I:H/A:H,10.0 HIGH,(AV:N/AC:L/Au:N/C:C/I:C/A:C)
CVE-2015-6175,N/A,N/A,7.2 HIGH,(AV:L/AC:L/Au:N/C:C/I:C/A:C)
CVE-2018-0175,8.0 HIGH,CVSS:3.0/AV:A/AC:L/PR:N/UI:R/S:U/C:H/I:H/A:H,7.9 HIGH,(AV:A/AC:M/Au:N/C:C/I:C/A:C)
CVE-2020-9819,4.3 MEDIUM,CVSS:3.1/AV:N/AC:L/PR:N/UI:R/S:U/C:N/I:N/A:L,4.3 MEDIUM,(AV:N/AC:M/Au:N/C:N/I:N/A:P)
CVE-2017-0148,8.1 HIGH,CVSS:3.0/AV:N/AC:H/PR:N/UI:N/S:U/C:H/I:H/A:H,9.3 HIGH,(AV:N/AC:M/Au:N/C:C/I:C/A:C)
CVE-2019-16920,9.8 CRITICAL,CVSS:3.1/AV:N/AC:L/PR:N/UI:N/S:U/C:H/I:H/A:H,10.0 HIGH,(AV:N/AC:L/Au:N/C:C/I:C/A:C)
CVE-2020-11978,8.8 HIGH,CVSS:3.1/AV:N/AC:L/PR:L/UI:N/S:U/C:H/I:H/A:H,6.5 MEDIUM,(AV:N/AC:L/Au:S/C:P/I:P/A:P)
CVE-2022-22718,7.8 HIGH,N/A,7.2 HIGH,(AV:L/AC:L/Au:N/C:C/I:C/A:C)
CVE-2013-2465,N/A,N/A,10.0 HIGH,(AV:N/AC:L/Au:N/C:C/I:C/A:C)
CVE-2020-0601,8.1 HIGH,CVSS:3.1/AV:N/AC:L/PR:N/UI:R/S:U/C:H/I:H/A:N,5.8 MEDIUM,(AV:N/AC:M/Au:N/C:P/I:P/A:N)
CVE-2021-38000,6.1 MEDIUM,CVSS:3.1/AV:N/AC:L/PR:N/UI:R/S:C/C:L/I:L/A:N,5.8 MEDIUM,(AV:N/AC:M/Au:N/C:P/I:P/A:N)
CVE-2016-3309,7.8 HIGH,CVSS:3.0/AV:L/AC:L/PR:L/UI:N/S:U/C:H/I:H/A:H,7.2 HIGH,(AV:L/AC:L/Au:N/C:C/I:C/A:C)
CVE-2020-16010,8.8 HIGH,CVSS:3.1/AV:N/AC:L/PR:N/UI:R/S:U/C:H/I:H/A:H,6.8 MEDIUM,(AV:N/AC:M/Au:N/C:P/I:P/A:P)
CVE-2014-1761,N/A,N/A,9.3 HIGH,(AV:N/AC:M/Au:N/C:C/I:C/A:C)
CVE-2019-11707,8.8 HIGH,CVSS:3.0/AV:N/AC:L/PR:N/UI:R/S:U/C:H/I:H/A:H,7.5 HIGH,(AV:N/AC:L/Au:N/C:P/I:P/A:P)
CVE-2012-4681,N/A,N/A,10.0 HIGH,(AV:N/AC:L/Au:N/C:C/I:C/A:C)
CVE-2021-31955,5.5 MEDIUM,CVSS:3.1/AV:L/AC:L/PR:L/UI:N/S:U/C:H/I:N/A:N,2.1 LOW,(AV:L/AC:L/Au:N/C:P/I:N/A:N)
CVE-2018-8298,7.5 HIGH,CVSS:3.0/AV:N/AC:H/PR:N/UI:R/S:U/C:H/I:H/A:H,7.6 HIGH,(AV:N/AC:H/Au:N/C:C/I:C/A:C)
CVE-2021-30551,8.8 HIGH,CVSS:3.1/AV:N/AC:L/PR:N/UI:R/S:U/C:H/I:H/A:H,6.8 MEDIUM,(AV:N/AC:M/Au:N/C:P/I:P/A:P)
CVE-2020-6820,8.1 HIGH,CVSS:3.1/AV:N/AC:H/PR:N/UI:N/S:U/C:H/I:H/A:H,6.8 MEDIUM,(AV:N/AC:M/Au:N/C:P/I:P/A:P)
CVE-2018-13382,7.5 HIGH,CVSS:3.0/AV:N/AC:L/PR:N/UI:N/S:U/C:N/I:H/A:N,5.0 MEDIUM,(AV:N/AC:L/Au:N/C:N/I:P/A:N)
CVE-2020-8467,8.8 HIGH,CVSS:3.1/AV:N/AC:L/PR:L/UI:N/S:U/C:H/I:H/A:H,6.5 MEDIUM,(AV:N/AC:L/Au:S/C:P/I:P/A:P)
CVE-2013-5223,N/A,N/A,3.5 LOW,(AV:N/AC:M/Au:S/C:N/I:P/A:N)
CVE-2019-15107,9.8 CRITICAL,CVSS:3.0/AV:N/AC:L/PR:N/UI:N/S:U/C:H/I:H/A:H,10.0 HIGH,(AV:N/AC:L/Au:N/C:C/I:C/A:C)
CVE-2020-27932,7.8 HIGH,CVSS:3.1/AV:L/AC:L/PR:N/UI:R/S:U/C:H/I:H/A:H,9.3 HIGH,(AV:N/AC:M/Au:N/C:C/I:C/A:C)
CVE-2015-4852,N/A,N/A,7.5 HIGH,(AV:N/AC:L/Au:N/C:P/I:P/A:P)
CVE-2020-5735,8.8 HIGH,CVSS:3.1/AV:N/AC:L/PR:L/UI:N/S:U/C:H/I:H/A:H,8.0 HIGH,(AV:N/AC:L/Au:S/C:P/I:P/A:C)
CVE-2018-8120,7.0 HIGH,CVSS:3.0/AV:L/AC:H/PR:L/UI:N/S:U/C:H/I:H/A:H,7.2 HIGH,(AV:L/AC:L/Au:N/C:C/I:C/A:C)
CVE-2021-28663,8.8 HIGH,CVSS:3.1/AV:N/AC:L/PR:L/UI:N/S:U/C:H/I:H/A:H,9.0 HIGH,(AV:N/AC:L/Au:S/C:C/I:C/A:C)
CVE-2012-0767,N/A,N/A,4.3 MEDIUM,(AV:N/AC:M/Au:N/C:N/I:P/A:N)
CVE-2021-30858,8.8 HIGH,CVSS:3.1/AV:N/AC:L/PR:N/UI:R/S:U/C:H/I:H/A:H,6.8 MEDIUM,(AV:N/AC:M/Au:N/C:P/I:P/A:P)
CVE-2012-1889,N/A,N/A,9.3 HIGH,(AV:N/AC:M/Au:N/C:C/I:C/A:C)
CVE-2021-27102,7.8 HIGH,CVSS:3.1/AV:L/AC:L/PR:L/UI:N/S:U/C:H/I:H/A:H,7.2 HIGH,(AV:L/AC:L/Au:N/C:C/I:C/A:C)
CVE-2020-29583,9.8 CRITICAL,CVSS:3.1/AV:N/AC:L/PR:N/UI:N/S:U/C:H/I:H/A:H,10.0 HIGH,(AV:N/AC:L/Au:N/C:C/I:C/A:C)
CVE-2017-12149,9.8 CRITICAL,CVSS:3.0/AV:N/AC:L/PR:N/UI:N/S:U/C:H/I:H/A:H,7.5 HIGH,(AV:N/AC:L/Au:N/C:P/I:P/A:P)
CVE-2017-12237,7.5 HIGH,CVSS:3.0/AV:N/AC:L/PR:N/UI:N/S:U/C:N/I:N/A:H,7.8 HIGH,(AV:N/AC:L/Au:N/C:N/I:N/A:C)
CVE-2018-2380,6.6 MEDIUM,CVSS:3.0/AV:N/AC:L/PR:H/UI:N/S:C/C:L/I:L/A:L,6.5 MEDIUM,(AV:N/AC:L/Au:S/C:P/I:P/A:P)
CVE-2019-0541,8.8 HIGH,CVSS:3.0/AV:N/AC:L/PR:N/UI:R/S:U/C:H/I:H/A:H,9.3 HIGH,(AV:N/AC:M/Au:N/C:C/I:C/A:C)
CVE-2020-3452,7.5 HIGH,CVSS:3.1/AV:N/AC:L/PR:N/UI:N/S:U/C:H/I:N/A:N,5.0 MEDIUM,(AV:N/AC:L/Au:N/C:P/I:N/A:N)
CVE-2017-5638,10.0 CRITICAL,CVSS:3.0/AV:N/AC:L/PR:N/UI:N/S:C/C:H/I:H/A:H,10.0 HIGH,(AV:N/AC:L/Au:N/C:C/I:C/A:C)
CVE-2020-9818,8.8 HIGH,CVSS:3.1/AV:N/AC:L/PR:N/UI:R/S:U/C:H/I:H/A:H,6.8 MEDIUM,(AV:N/AC:M/Au:N/C:P/I:P/A:P)
CVE-2019-0703,6.5 MEDIUM,CVSS:3.0/AV:N/AC:L/PR:L/UI:N/S:U/C:H/I:N/A:N,4.0 MEDIUM,(AV:N/AC:L/Au:S/C:P/I:N/A:N)
CVE-2018-8611,7.8 HIGH,CVSS:3.0/AV:L/AC:L/PR:L/UI:N/S:U/C:H/I:H/A:H,7.2 HIGH,(AV:L/AC:L/Au:N/C:C/I:C/A:C)
CVE-2017-6737,8.8 HIGH,CVSS:3.0/AV:N/AC:L/PR:L/UI:N/S:U/C:H/I:H/A:H,9.0 HIGH,(AV:N/AC:L/Au:S/C:C/I:C/A:C)
CVE-2017-8540,7.8 HIGH,CVSS:3.0/AV:L/AC:L/PR:N/UI:R/S:U/C:H/I:H/A:H,9.3 HIGH,(AV:N/AC:M/Au:N/C:C/I:C/A:C)
CVE-2015-5119,N/A,N/A,10.0 HIGH,(AV:N/AC:L/Au:N/C:C/I:C/A:C)
CVE-2021-27562,5.5 MEDIUM,CVSS:3.1/AV:L/AC:L/PR:L/UI:N/S:U/C:N/I:N/A:H,4.9 MEDIUM,(AV:L/AC:L/Au:N/C:N/I:N/A:C)
CVE-2018-8406,7.8 HIGH,CVSS:3.0/AV:L/AC:L/PR:L/UI:N/S:U/C:H/I:H/A:H,7.2 HIGH,(AV:L/AC:L/Au:N/C:C/I:C/A:C)
CVE-2021-27104,9.8 CRITICAL,CVSS:3.1/AV:N/AC:L/PR:N/UI:N/S:U/C:H/I:H/A:H,10.0 HIGH,(AV:N/AC:L/Au:N/C:C/I:C/A:C)
CVE-2017-0262,7.8 HIGH,CVSS:3.0/AV:L/AC:L/PR:N/UI:R/S:U/C:H/I:H/A:H,9.3 HIGH,(AV:N/AC:M/Au:N/C:C/I:C/A:C)
CVE-2021-42292,7.8 HIGH,CVSS:3.1/AV:L/AC:L/PR:N/UI:R/S:U/C:H/I:H/A:H,6.8 MEDIUM,(AV:N/AC:M/Au:N/C:P/I:P/A:P)
CVE-2020-0041,7.8 HIGH,CVSS:3.1/AV:L/AC:L/PR:L/UI:N/S:U/C:H/I:H/A:H,7.2 HIGH,(AV:L/AC:L/Au:N/C:C/I:C/A:C)
CVE-2022-26904,7.0 HIGH,N/A,4.4 MEDIUM,(AV:L/AC:M/Au:N/C:P/I:P/A:P)
CVE-2020-2021,10.0 CRITICAL,N/A,9.3 HIGH,(AV:N/AC:M/Au:N/C:C/I:C/A:C)
CVE-2019-1385,7.8 HIGH,CVSS:3.1/AV:L/AC:L/PR:L/UI:N/S:U/C:H/I:H/A:H,6.1 MEDIUM,(AV:L/AC:L/Au:N/C:P/I:P/A:C)
CVE-2021-39793,7.8 HIGH,CVSS:3.1/AV:L/AC:L/PR:L/UI:N/S:U/C:H/I:H/A:H,7.2 HIGH,(AV:L/AC:L/Au:N/C:C/I:C/A:C)
CVE-2016-4657,8.8 HIGH,CVSS:3.0/AV:N/AC:L/PR:N/UI:R/S:U/C:H/I:H/A:H,6.8 MEDIUM,(AV:N/AC:M/Au:N/C:P/I:P/A:P)
CVE-2019-11708,10.0 CRITICAL,CVSS:3.0/AV:N/AC:L/PR:N/UI:N/S:C/C:H/I:H/A:H,10.0 HIGH,(AV:N/AC:L/Au:N/C:C/I:C/A:C)
CVE-2022-24086,9.8 CRITICAL,N/A,10.0 HIGH,(AV:N/AC:L/Au:N/C:C/I:C/A:C)
CVE-2015-3113,N/A,N/A,10.0 HIGH,(AV:N/AC:L/Au:N/C:C/I:C/A:C)
CVE-2018-19949,9.8 CRITICAL,CVSS:3.1/AV:N/AC:L/PR:N/UI:N/S:U/C:H/I:H/A:H,7.5 HIGH,(AV:N/AC:L/Au:N/C:P/I:P/A:P)
CVE-2015-7450,9.8 CRITICAL,CVSS:3.0/AV:N/AC:L/PR:N/UI:N/S:U/C:H/I:H/A:H,10.0 HIGH,(AV:N/AC:L/Au:N/C:C/I:C/A:C)
CVE-2019-0604,9.8 CRITICAL,CVSS:3.1/AV:N/AC:L/PR:N/UI:N/S:U/C:H/I:H/A:H,7.5 HIGH,(AV:N/AC:L/Au:N/C:P/I:P/A:P)
CVE-2017-0145,8.1 HIGH,CVSS:3.0/AV:N/AC:H/PR:N/UI:N/S:U/C:H/I:H/A:H,9.3 HIGH,(AV:N/AC:M/Au:N/C:C/I:C/A:C)
CVE-2020-6572,8.8 HIGH,CVSS:3.1/AV:N/AC:L/PR:N/UI:R/S:U/C:H/I:H/A:H,9.3 HIGH,(AV:N/AC:M/Au:N/C:C/I:C/A:C)
CVE-2015-4068,N/A,N/A,9.4 HIGH,(AV:N/AC:L/Au:N/C:C/I:N/A:C)
CVE-2018-4939,9.8 CRITICAL,CVSS:3.1/AV:N/AC:L/PR:N/UI:N/S:U/C:H/I:H/A:H,10.0 HIGH,(AV:N/AC:L/Au:N/C:C/I:C/A:C)
CVE-2021-1906,5.5 MEDIUM,CVSS:3.1/AV:L/AC:L/PR:L/UI:N/S:U/C:N/I:N/A:H,2.1 LOW,(AV:L/AC:L/Au:N/C:N/I:N/A:P)
CVE-2020-11261,7.8 HIGH,CVSS:3.1/AV:L/AC:L/PR:L/UI:N/S:U/C:H/I:H/A:H,7.2 HIGH,(AV:L/AC:L/Au:N/C:C/I:C/A:C)
CVE-2021-21972,9.8 CRITICAL,CVSS:3.1/AV:N/AC:L/PR:N/UI:N/S:U/C:H/I:H/A:H,10.0 HIGH,(AV:N/AC:L/Au:N/C:C/I:C/A:C)
CVE-2019-0803,7.8 HIGH,CVSS:3.0/AV:L/AC:L/PR:L/UI:N/S:U/C:H/I:H/A:H,7.2 HIGH,(AV:L/AC:L/Au:N/C:C/I:C/A:C)
